frame_index	pts_seconds	enqueue_host_ns	proof_host_ns	proof_source	inferred_display_ns	ack2_host_ns
0	0.000000	162877513460916	162877517802666	consumed-notification	162877530075000	162877517805416
1	0.033333	162877514633375	162877517853500	consumed-notification	162877570204958	162877517856083
2	0.066667	162877518053875	162877518096875	consumed-notification	162877603534000	162877518098000
3	0.100000	162877518172583	162877518209708	consumed-notification	162877636874083	162877518211666
4	0.133333	162877518291500	162877549624208	consumed-notification	162877670217583	162877549627625
5	0.166667	162877549146750	162877549746000	consumed-notification	162877703533625	162877549747791
6	0.200000	162877549756416	162877605432958	consumed-notification	162877736860041	162877605437041
7	0.233333	162877605468250	162877642822666	consumed-notification	162877770192833	162877642826500
8	0.266667	162877642766958	162877642945625	consumed-notification	162877803532500	162877642948166
9	0.300000	162877642936250	162877643043625	consumed-notification	162877836867958	162877643044958
10	0.333333	162877643085291	162877736504208	consumed-notification	162877870202791	162877736508666
11	0.366667	162877736442916	162877736542375	consumed-notification	162877903526083	162877736553500
12	0.400000	162877736652416	162877792362250	consumed-notification	162877936862708	162877792366541
13	0.433333	162877792511166	162877830126250	consumed-notification	162877970201708	162877830129833
14	0.466667	162877830102458	162877830344916	consumed-notification	162878003533500	162877830347125
15	0.500000	162877830294875	162877830377000	consumed-notification	162878036858458	162877830377958
16	0.533333	162877832095875	162877938692666	consumed-notification	162878070190666	162877938697208
17	0.566667	162877938824083	162877976374250	consumed-notification	162878103520750	162877976377708
18	0.600000	162877976262416	162877976403708	consumed-notification	162878136854791	162877976404708
19	0.633333	162877976524541	162878031206541	consumed-notification	162878170184000	162878031210291
20	0.666667	162878030922750	162878031235125	consumed-notification	162878203520000	162878031236500
21	0.700000	162878031290625	162878105652583	consumed-notification	162878236866208	162878105655583
22	0.733333	162878105745708	162878143084916	consumed-notification	162878270182958	162878143088750
23	0.766667	162878143209125	162878161800666	consumed-notification	162878303515875	162878161803958
24	0.800000	162878161917791	162878199239166	consumed-notification	162878336852166	162878199242833
25	0.833333	162878199327875	162878236672791	consumed-notification	162878370190875	162878236676583
26	0.866667	162878236769875	162878274111666	consumed-notification	162878403525833	162878274115333
27	0.900000	162878274212708	162878292829208	consumed-notification	162878436850333	162878292832583
28	0.933333	162878292929333	162878329161458	consumed-notification	162878470202250	162878329166000
29	0.966667	162878329276458	162878366591416	consumed-notification	162878503521083	162878366595208
30	1.000000	162878366737708	162878403981291	consumed-notification	162878536859000	162878403985416
31	1.033333	162878404089458	162878441195500	consumed-notification	162878570181875	162878441200500
32	1.066667	162878441291083	162878458130458	consumed-notification	162878603516583	162878458132500
33	1.100000	162878458239416	162878495601916	consumed-notification	162878636847958	162878495606625
34	1.133333	162878495717791	162878533030833	consumed-notification	162878670184375	162878533033750
35	1.166667	162878533148416	162878570446333	consumed-notification	162878703523083	162878570449000
36	1.200000	162878570551375	162878607861291	consumed-notification	162878736861791	162878607864583
37	1.233333	162878607965916	162878626557458	consumed-notification	162878770189250	162878626560708
38	1.266667	162878626644666	162878663981083	consumed-notification	162878803515041	162878663984916
39	1.300000	162878664118666	162878701394041	consumed-notification	162878836852041	162878701397375
40	1.333333	162878701515791	162878738811666	consumed-notification	162878870182958	162878738814458
41	1.366667	162878738987416	162878774666250	consumed-notification	162878903514625	162878774670125
42	1.400000	162878774760375	162878793368625	consumed-notification	162878936861500	162878793371666
43	1.433333	162878793476208	162878830782500	consumed-notification	162878970188625	162878830785958
44	1.466667	162878830895208	162878868217666	consumed-notification	162879003516000	162878868220875
45	1.500000	162878868302625	162878905693916	consumed-notification	162879036854541	162878905699250
46	1.533333	162878905830583	162878924360291	consumed-notification	162879070209375	162878924364125
47	1.566667	162878924456916	162878961769458	consumed-notification	162879103515208	162878961772625
48	1.600000	162878961864791	162878998184875	consumed-notification	162879136854708	162878998190083
49	1.633333	162878998285916	162879035611500	consumed-notification	162879170198375	162879035614958
50	1.666667	162879035714666	162879072750541	consumed-notification	162879203519416	162879072754333
51	1.700000	162879072868291	162879091473708	consumed-notification	162879236851708	162879091477500
52	1.733333	162879091574000	162879128910916	consumed-notification	162879270191041	162879128914833
53	1.766667	162879129012375	162879166373458	consumed-notification	162879303522458	162879166377583
54	1.800000	162879166497125	162879203798708	consumed-notification	162879336871958	162879203802750
55	1.833333	162879203920041	162879241198958	consumed-notification	162879370186750	162879241202125
56	1.866667	162879241313208	162879259938875	consumed-notification	162879403519291	162879259942166
57	1.900000	162879260116416	162879297375791	consumed-notification	162879436862875	162879297379958
58	1.933333	162879297535333	162879334817250	consumed-notification	162879470194541	162879334822083
59	1.966667	162879334926000	162879372264083	consumed-notification	162879503523583	162879372267875
60	2.000000	162879372408041	162879390973291	consumed-notification	162879536862125	162879390976291
61	2.033333	162879391108416	162879428435208	consumed-notification	162879570179208	162879428439958
62	2.066667	162879428542416	162879465399083	consumed-notification	162879603514875	162879465403291
63	2.100000	162879465494958	162879501282458	consumed-notification	162879636859416	162879501285500
64	2.133333	162879501385416	162879538687458	consumed-notification	162879670190125	162879538690750
65	2.166667	162879538781000	162879576126958	consumed-notification	162879703526625	162879576129750
66	2.200000	162879576284916	162879594596125	consumed-notification	162879736864958	162879594599125
67	2.233333	162879594682125	162879632044875	consumed-notification	162879770189458	162879632048875
68	2.266667	162879632162041	162879669132833	consumed-notification	162879803514458	162879669137375
69	2.300000	162879669292708	162879706569291	consumed-notification	162879836849875	162879706572458
70	2.333333	162879706669750	162879725320125	consumed-notification	162879870182625	162879725324500
71	2.366667	162879725463958	162879762777333	consumed-notification	162879903511833	162879762781458
72	2.400000	162879762952625	162879800211000	consumed-notification	162879936869416	162879800214958
73	2.433333	162879800299000	162879837646250	consumed-notification	162879970181875	162879837649166
74	2.466667	162879837759041	162879873605791	consumed-notification	162880003512791	162879873609708
75	2.500000	162879873745958	162879892336125	consumed-notification	162880036859125	162879892340041
76	2.533333	162879892434333	162879929766500	consumed-notification	162880070201000	162879929769875
77	2.566667	162879929851083	162879965388166	consumed-notification	162880103532083	162879965392208
78	2.600000	162879965502375	162880002830541	consumed-notification	162880136858916	162880002834208
79	2.633333	162880002948333	162880040230583	consumed-notification	162880170181875	162880040233666
80	2.666667	162880040334208	162880058943458	consumed-notification	162880203521541	162880058946416
81	2.700000	162880059048333	162880096411833	consumed-notification	162880236855041	162880096415875
82	2.733333	162880096490791	162880133821583	consumed-notification	162880270190875	162880133825291
83	2.766667	162880133935208	162880171278833	consumed-notification	162880303512375	162880171282333
84	2.800000	162880171370250	162880208717333	consumed-notification	162880336846458	162880208720041
85	2.833333	162880208835541	162880227467166	consumed-notification	162880370188208	162880227471041
86	2.866667	162880227583666	162880263416125	consumed-notification	162880403515500	162880263419250
87	2.900000	162880263527916	162880300847291	consumed-notification	162880436849541	162880300851708
88	2.933333	162880300970625	162880338304041	consumed-notification	162880470191500	162880338308208
89	2.966667	162880338383250	162880375722208	consumed-notification	162880503514250	162880375725750
90	3.000000	162880375836791	162880394447916	consumed-notification	162880536864250	162880394451791
91	3.033333	162880394534041	162880431858083	consumed-notification	162880570181916	162880431861625
92	3.066667	162880431943125	162880469033791	consumed-notification	162880603512125	162880469037791
93	3.100000	162880469116333	162880505657041	consumed-notification	162880637168666	162880505660916
94	3.133333	162880505762208	162880543104291	consumed-notification	162880670188958	162880543108291
95	3.166667	162880543194041	162880561797208	consumed-notification	162880703512541	162880561800041
96	3.200000	162880561894500	162880599210583	consumed-notification	162880736856000	162880599214208
97	3.233333	162880599298500	162880636668208	consumed-notification	162880770181833	162880636671958
98	3.266667	162880636799791	162880674115125	consumed-notification	162880803530791	162880674119208
99	3.300000	162880674215208	162880692837416	consumed-notification	162880836844833	162880692840791
100	3.333333	162880693001833	162880730305833	consumed-notification	162880870179250	162880730309000
101	3.366667	162880730411083	162880767756416	consumed-notification	162880903506666	162880767760500
102	3.400000	162880767854666	162880805210416	consumed-notification	162880936861250	162880805214083
103	3.433333	162880805303958	162880841658250	consumed-notification	162880970178250	162880841660875
104	3.466667	162880841771166	162880860356916	consumed-notification	162881003521041	162880860359791
105	3.500000	162880860466291	162880897796375	consumed-notification	162881036840541	162880897799708
106	3.533333	162880897866416	162880935229666	consumed-notification	162881070183875	162880935232583
107	3.566667	162880935351333	162880972667958	consumed-notification	162881103536000	162880972671833
108	3.600000	162880972755291	162880991379666	consumed-notification	162881136840291	162880991382666
109	3.633333	162880991484833	162881028799583	consumed-notification	162881170182041	162881028803416
110	3.666667	162881028898000	162881066229750	consumed-notification	162881203513083	162881066232791
111	3.700000	162881066325666	162881103690083	consumed-notification	162881236854541	162881103693958
112	3.733333	162881103804125	162881141097041	consumed-notification	162881270201458	162881141100916
113	3.766667	162881141198250	162881159828875	consumed-notification	162881303958333	162881159832666
114	3.800000	162881159924125	162881196082916	consumed-notification	162881336849583	162881196086916
115	3.833333	162881196201958	162881233524625	consumed-notification	162881370181375	162881233528541
116	3.866667	162881233662875	162881270969375	consumed-notification	162881403517166	162881270973541
117	3.900000	162881271140041	162881306536250	consumed-notification	162881436847000	162881306539666
118	3.933333	162881306651375	162881325266833	consumed-notification	162881470193666	162881325270291
119	3.966667	162881325377208	162881360745250	consumed-notification	162881503516541	162881360749291
120	4.000000	162881360828375	162881397886208	consumed-notification	162881536851083	162881397890166
121	4.033333	162881397995916	162881435299541	consumed-notification	162881570184833	162881435305833
122	4.066667	162881435432291	162881472750041	consumed-notification	162881603516958	162881472753916
123	4.100000	162881472858083	162881491452458	consumed-notification	162881636844458	162881491456041
124	4.133333	162881491554333	162881528906916	consumed-notification	162881670185500	162881528910250
125	4.166667	162881529033250	162881566288916	consumed-notification	162881703515875	162881566291500
126	4.200000	162881566378958	162881601878625	consumed-notification	162881736845166	162881601883583
127	4.233333	162881602019041	162881639282083	consumed-notification	162881770179458	162881639285333
128	4.266667	162881639403833	162881657993541	consumed-notification	162881803861000	162881657996500
129	4.300000	162881658081833	162881695453750	consumed-notification	162881836846291	162881695457250
130	4.333333	162881695546541	162881732869291	consumed-notification	162881870174958	162881732872291
131	4.366667	162881732953458	162881770272958	consumed-notification	162881903505208	162881770275250
132	4.400000	162881770359541	162881807716500	consumed-notification	162881936850291	162881807720250
133	4.433333	162881807818291	162881826431708	consumed-notification	162881971046958	162881826435166
134	4.466667	162881826526666	162881863872500	consumed-notification	162882003535000	162881863875875
135	4.500000	162881864032416	162881899624375	consumed-notification	162882036838333	162881899628583
136	4.533333	162881899718750	162881937070333	consumed-notification	162882070194583	162881937073625
137	4.566667	162881937186541	162881974519041	consumed-notification	162882103506375	162881974522375
138	4.600000	162881974631250	162881993252041	consumed-notification	162882137197250	162881993255583
139	4.633333	162881993371750	162882030708583	consumed-notification	162882170213000	162882030711916
140	4.666667	162882030822250	162882068156125	consumed-notification	162882203513708	162882068160125
141	4.700000	162882068274625	162882105586375	consumed-notification	162882236863083	162882105590583
142	4.733333	162882105674000	162882143026875	consumed-notification	162882270181833	162882143031416
143	4.766667	162882143138375	162882161740875	consumed-notification	162882303508625	162882161745125
144	4.800000	162882161850500	162882199188375	consumed-notification	162882336843583	162882199191958
145	4.833333	162882199312916	162882236650041	consumed-notification	162882370174875	162882236652958
146	4.866667	162882236766750	162882274100041	consumed-notification	162882403529500	162882274104125
147	4.900000	162882274257458	162882292793791	consumed-notification	162882436847708	162882292797333
148	4.933333	162882292883666	162882328681625	consumed-notification	162882470177583	162882328685500
149	4.966667	162882328791125	162882366106833	consumed-notification	162882503514041	162882366111125
150	5.000000	162882366195916	162882403517875	consumed-notification	162882536853166	162882403522625
151	5.033333	162882403611041	162882440925333	consumed-notification	162882570171625	162882440928875
152	5.066667	162882441022666	162882459635583	consumed-notification	162882603508791	162882459639291
153	5.100000	162882459754875	162882497068083	consumed-notification	162882636843000	162882497071833
154	5.133333	162882497167458	162882534487083	consumed-notification	162882670172458	162882534490750
155	5.166667	162882534581000	162882571906166	consumed-notification	162882703511791	162882571910375
156	5.200000	162882571999291	162882609159833	consumed-notification	162882736853625	162882609163833
157	5.233333	162882609292083	162882627889166	consumed-notification	162882770177000	162882627891625
158	5.266667	162882628015041	162882665340250	consumed-notification	162882803510291	162882665343958
159	5.300000	162882665475625	162882702768958	consumed-notification	162882836852833	162882702772958
160	5.333333	162882702886916	162882740225000	consumed-notification	162882870171791	162882740228916
161	5.366667	162882740360000	162882758952583	consumed-notification	162882903506666	162882758956250
162	5.400000	162882759043541	162882796436250	consumed-notification	162882936846250	162882796441750
163	5.433333	162882796558166	162882833808250	consumed-notification	162882970170875	162882833812166
164	5.466667	162882833906791	162882869300458	consumed-notification	162883003503000	162882869304750
165	5.500000	162882869402583	162882905936708	consumed-notification	162883036840708	162882905940541
166	5.533333	162882906030750	162882924640791	consumed-notification	162883070173083	162882924644375
167	5.566667	162882924752875	162882962094625	consumed-notification	162883103506666	162882962098208
168	5.600000	162882962181833	162882999528875	consumed-notification	162883136845083	162882999532291
169	5.633333	162882999642750	162883036955791	consumed-notification	162883170169875	162883036958791
170	5.666667	162883037057291	162883074394625	consumed-notification	162883203514166	162883074397958
171	5.700000	162883074512916	162883092509458	consumed-notification	162883236841458	162883092513291
172	5.733333	162883092638291	162883129947666	consumed-notification	162883270176041	162883129951083
173	5.766667	162883130033375	162883167399416	consumed-notification	162883303502625	162883167404666
174	5.800000	162883167539208	162883204835250	consumed-notification	162883336837625	162883204839125
175	5.833333	162883204951125	162883242222541	consumed-notification	162883370177708	162883242225250
176	5.866667	162883242326416	162883260964583	consumed-notification	162883403509958	162883260968583
177	5.900000	162883261056791	162883298370666	consumed-notification	162883436846166	162883298373833
178	5.933333	162883298455625	162883335811583	consumed-notification	162883470175208	162883335815333
179	5.966667	162883335911166	162883373218750	consumed-notification	162883503695250	162883373221541
180	6.000000	162883373300916	162883391942625	consumed-notification	162883536838625	162883391945916
181	6.033333	162883392039833	162883429372041	consumed-notification	162883570172041	162883429375291
182	6.066667	162883429451791	162883465367708	consumed-notification	162883603547750	162883465370791
183	6.100000	162883465470500	162883502780208	consumed-notification	162883636847125	162883502782500
184	6.133333	162883502895166	162883540217458	consumed-notification	162883670181500	162883540219708
185	6.166667	162883540302958	162883558926000	consumed-notification	162883703510375	162883558928583
186	6.200000	162883559064541	162883596359583	consumed-notification	162883736835625	162883596361875
187	6.233333	162883596470583	162883633641750	consumed-notification	162883770173083	162883633647291
188	6.266667	162883633752625	162883671049625	consumed-notification	162883804182208	162883671053625
189	6.300000	162883671216833	162883708476333	consumed-notification	162883836838125	162883708481666
190	6.333333	162883708622708	162883725596708	consumed-notification	162883870168750	162883725599166
191	6.366667	162883725716166	162883763005541	consumed-notification	162883903506916	162883763007791
192	6.400000	162883763101291	162883800414458	consumed-notification	162883936848125	162883800417125
193	6.433333	162883800494750	162883837842916	consumed-notification	162883970173708	162883837846750
194	6.466667	162883838053875	162883875273458	consumed-notification	162884003514625	162883875276916
195	6.500000	162883875373958	162883894010916	consumed-notification	162884036847708	162883894014458
196	6.533333	162883894110166	162883931452875	consumed-notification	162884070176458	162883931457375
197	6.566667	162883931611041	162883968892541	consumed-notification	162884103510750	162883968896541
198	6.600000	162883968992500	162884006360625	consumed-notification	162884136843458	162884006364541
199	6.633333	162884006457041	162884025084541	consumed-notification	162884170186583	162884025088166
200	6.666667	162884025174416	162884060747000	consumed-notification	162884203503083	162884060751041
201	6.700000	162884060856958	162884098169750	consumed-notification	162884236830250	162884098173666
202	6.733333	162884098266416	162884135610875	consumed-notification	162884270185791	162884135614666
203	6.766667	162884135705708	162884173041625	consumed-notification	162884303507250	162884173045000
204	6.800000	162884173234125	162884191261500	consumed-notification	162884336837208	162884191264708
205	6.833333	162884191369708	162884227076583	consumed-notification	162884370159583	162884227080250
206	6.866667	162884227176583	162884264520291	consumed-notification	162884403502083	162884264524375
207	6.900000	162884264629333	162884300130083	consumed-notification	162884436852958	162884300133916
208	6.933333	162884300252666	162884337551541	consumed-notification	162884470170458	162884337555166
209	6.966667	162884337652208	162884374987541	consumed-notification	162884503516458	162884374990500
210	7.000000	162884375090500	162884392665000	consumed-notification	162884536844083	162884392668416
211	7.033333	162884392756375	162884430083458	consumed-notification	162884570174000	162884430087041
212	7.066667	162884430167541	162884467512958	consumed-notification	162884603514666	162884467516416
213	7.100000	162884467612333	162884504956958	consumed-notification	162884636842000	162884504961291
214	7.133333	162884505048166	162884542371791	consumed-notification	162884670166458	162884542375250
215	7.166667	162884542487833	162884561069208	consumed-notification	162884703496083	162884561071958
216	7.200000	162884561145458	162884598473083	consumed-notification	162884736830250	162884598476500
217	7.233333	162884598540083	162884635896791	consumed-notification	162884770164125	162884635900666
218	7.266667	162884636007958	162884673302833	consumed-notification	162884804439583	162884673305291
219	7.300000	162884673422125	162884692037458	consumed-notification	162884836834708	162884692041375
220	7.333333	162884692133625	162884729428625	consumed-notification	162884870166708	162884729431500
221	7.366667	162884729536958	162884766845166	consumed-notification	162884903505333	162884766848333
222	7.400000	162884766931208	162884804280958	consumed-notification	162884936833833	162884804284625
223	7.433333	162884804362541	162884841663166	consumed-notification	162884970180625	162884841666500
224	7.466667	162884841760208	162884860393791	consumed-notification	162885003501750	162884860397625
225	7.500000	162884860475041	162884897815250	consumed-notification	162885036846041	162884897818958
226	7.533333	162884897934958	162884935225625	consumed-notification	162885070164458	162884935229583
227	7.566667	162884935367125	162884972667625	consumed-notification	162885103504958	162884972671166
228	7.600000	162884972782458	162885007004458	consumed-notification	162885136837375	162885007008583
229	7.633333	162885007163916	162885025734416	consumed-notification	162885170171458	162885025738875
230	7.666667	162885025845958	162885063176708	consumed-notification	162885203495958	162885063180000
231	7.700000	162885063299000	162885100611791	consumed-notification	162885236843041	162885100616000
232	7.733333	162885100702416	162885138033666	consumed-notification	162885270166583	162885138037166
233	7.766667	162885138137083	162885175135666	consumed-notification	162885303513958	162885175139958
234	7.800000	162885175244041	162885192313083	consumed-notification	162885336843750	162885192317000
235	7.833333	162885192421875	162885229759916	consumed-notification	162885370180791	162885229763291
236	7.866667	162885229865625	162885267212625	consumed-notification	162885403499083	162885267216000
237	7.900000	162885267320333	162885304653583	consumed-notification	162885436835708	162885304657250
238	7.933333	162885304776583	162885342114458	consumed-notification	162885470184791	162885342118291
239	7.966667	162885342232500	162885360813375	consumed-notification	162885503495666	162885360816291
240	8.000000	162885360913250	162885398269333	consumed-notification	162885536831000	162885398273458
241	8.033333	162885398388958	162885435698916	consumed-notification	162885570185416	162885435703083
242	8.066667	162885435807166	162885473140708	consumed-notification	162885603493666	162885473144291
243	8.100000	162885473253958	162885491869833	consumed-notification	162885636833708	162885491873208
244	8.133333	162885491950125	162885529292208	consumed-notification	162885670163583	162885529295916
245	8.166667	162885529371916	162885566725083	consumed-notification	162885703494666	162885566729125
246	8.200000	162885566856750	162885604134166	consumed-notification	162885736837958	162885604137666
247	8.233333	162885604241750	162885641557208	consumed-notification	162885770164958	162885641560083
248	8.266667	162885641682416	162885658896833	consumed-notification	162885803505583	162885658900041
249	8.300000	162885659006166	162885696296125	consumed-notification	162885836838208	162885696298750
250	8.333333	162885696376666	162885733715083	consumed-notification	162885870164041	162885733718208
251	8.366667	162885733817833	162885770251958	consumed-notification	162885903494958	162885770255041
252	8.400000	162885770353000	162885807679875	consumed-notification	162885936834791	162885807683208
253	8.433333	162885807789458	162885826390625	consumed-notification	162885970167166	162885826393875
254	8.466667	162885826482666	162885863854458	consumed-notification	162886003501000	162885863858041
255	8.500000	162885863964125	162885901303791	consumed-notification	162886036834791	162885901307458
256	8.533333	162885901391000	162885938738333	consumed-notification	162886070169208	162885938741583
257	8.566667	162885938838250	162885957440750	consumed-notification	162886103504041	162885957444500
258	8.600000	162885957523500	162885994843000	consumed-notification	162886136829583	162885994845666
259	8.633333	162885994941916	162886032252291	consumed-notification	162886170173000	162886032254958
260	8.666667	162886032362625	162886069189166	consumed-notification	162886203494791	162886069192583
261	8.700000	162886069301750	162886106647750	consumed-notification	162886236841875	162886106651541
262	8.733333	162886106751750	162886125362291	consumed-notification	162886270182791	162886125366166
263	8.766667	162886125462625	162886162796166	consumed-notification	162886303496291	162886162800416
264	8.800000	162886162907375	162886200228250	consumed-notification	162886336830166	162886200233958
265	8.833333	162886200338125	162886237688166	consumed-notification	162886370172833	162886237691791
266	8.866667	162886237814791	162886275143875	consumed-notification	162886403502125	162886275147708
267	8.900000	162886275236916	162886293877916	consumed-notification	162886436854083	162886293882208
268	8.933333	162886293966125	162886331310083	consumed-notification	162886470167291	162886331313666
269	8.966667	162886331395166	162886368728791	consumed-notification	162886503491875	162886368732000
270	9.000000	162886368856500	162886406157458	consumed-notification	162886536832625	162886406160583
271	9.033333	162886406253625	162886424901375	consumed-notification	162886570162958	162886424905208
272	9.066667	162886425014083	162886462339333	consumed-notification	162886603507875	162886462343625
273	9.100000	162886462434208	162886499132125	consumed-notification	162886636840500	162886499136416
274	9.133333	162886499312791	162886536583666	consumed-notification	162886670161083	162886536587583
275	9.166667	162886536683583	162886574042083	consumed-notification	162886703487041	162886574046375
276	9.200000	162886574181791	162886592795041	consumed-notification	162886736835125	162886592799208
277	9.233333	162886592887916	162886629419791	consumed-notification	162886770167750	162886629423541
278	9.266667	162886629532958	162886666903333	consumed-notification	162886803508250	162886666908000
279	9.300000	162886667012500	162886704298000	consumed-notification	162886836844000	162886704301208
280	9.333333	162886704364541	162886741247541	consumed-notification	162886870158416	162886741251333
281	9.366667	162886741328125	162886759985000	consumed-notification	162886903491750	162886759989208
282	9.400000	162886760094875	162886797399666	consumed-notification	162886936828833	162886797403250
283	9.433333	162886797518208	162886834823500	consumed-notification	162886970161708	162886834827166
284	9.466667	162886834923291	162886872216833	consumed-notification	162887003492041	162886872219916
285	9.500000	162886872296833	162886890941666	consumed-notification	162887036832083	162886890945416
286	9.533333	162886891036875	162886928357916	consumed-notification	162887070170208	162886928360333
287	9.566667	162886928444500	162886965757791	consumed-notification	162887103501208	162886965760083
288	9.600000	162886965829208	162887003184125	consumed-notification	162887136833666	162887003186750
289	9.633333	162887003318625	162887040590916	consumed-notification	162887170167208	162887040594083
290	9.666667	162887040717333	162887059355541	consumed-notification	162887203503541	162887059359083
291	9.700000	162887059447208	162887096787625	consumed-notification	162887236830166	162887096791000
292	9.733333	162887096876916	162887134214208	consumed-notification	162887270180041	162887134217750
293	9.766667	162887134325041	162887171645375	consumed-notification	162887303490333	162887171648750
294	9.800000	162887171773166	162887209096000	consumed-notification	162887336831166	162887209099166
295	9.833333	162887209208375	162887226939333	consumed-notification	162887370159291	162887226943041
296	9.866667	162887227037416	162887264381291	consumed-notification	162887403498500	162887264384958
297	9.900000	162887264500291	162887301847500	consumed-notification	162887436822458	162887301851166
298	9.933333	162887301978875	162887339227791	consumed-notification	162887470160375	162887339230916
299	9.966667	162887339304000	162887357937458	consumed-notification	162887503489750	162887357940291
300	10.000000	162887358010625	162887395337333	consumed-notification	162887536829875	162887395340208
301	10.033333	162887395438208	162887432746500	consumed-notification	162887570161500	162887432750458
302	10.066667	162887432847958	162887470150916	consumed-notification	162887603499375	162887470154916
303	10.100000	162887470224083	162887507556583	consumed-notification	162887636827125	162887507560583
304	10.133333	162887507647625	162887526267125	consumed-notification	162887670155416	162887526270791
305	10.166667	162887526373791	162887563676875	consumed-notification	162887703490666	162887563679458
306	10.200000	162887563768250	162887601091166	consumed-notification	162887736825500	162887601094750
307	10.233333	162887601168208	162887638518208	consumed-notification	162887770166541	162887638521125
308	10.266667	162887638583250	162887675937916	consumed-notification	162887803503500	162887675941041
309	10.300000	162887676053000	162887694636250	consumed-notification	162887836829708	162887694638875
310	10.333333	162887694758583	162887732033750	consumed-notification	162887870185833	162887732036166
311	10.366667	162887732143416	162887769441583	consumed-notification	162887903488291	162887769443708
312	10.400000	162887769536041	162887805760041	consumed-notification	162887936819416	162887805762500
313	10.433333	162887805860833	162887843144875	consumed-notification	162887970159166	162887843147625
314	10.466667	162887843228541	162887861842625	consumed-notification	162888003490000	162887861844541
315	10.500000	162887861921541	162887899263875	consumed-notification	162888036825791	162887899266375
316	10.533333	162887899375416	162887936677791	consumed-notification	162888070157833	162887936680250
317	10.566667	162887936782458	162887973328666	consumed-notification	162888103509125	162887973332541
318	10.600000	162887973410416	162887992041416	consumed-notification	162888136838500	162887992044958
319	10.633333	162887992107250	162888029461916	consumed-notification	162888170157458	162888029465000
320	10.666667	162888029557083	162888066911333	consumed-notification	162888203499666	162888066915541
321	10.700000	162888067008666	162888104359125	consumed-notification	162888236831666	162888104363541
322	10.733333	162888104505666	162888140617666	consumed-notification	162888270155666	162888140621041
323	10.766667	162888140751916	162888159302166	consumed-notification	162888303483125	162888159304875
324	10.800000	162888159381208	162888196727541	consumed-notification	162888336830875	162888196730125
325	10.833333	162888196853791	162888234148250	consumed-notification	162888370164416	162888234150541
326	10.866667	162888234283041	162888271542291	consumed-notification	162888403501958	162888271545208
327	10.900000	162888271645500	162888308945166	consumed-notification	162888436821333	162888308947833
328	10.933333	162888309047625	162888327692500	consumed-notification	162888470169625	162888327696708
329	10.966667	162888327798833	162888365132250	consumed-notification	162888503485083	162888365136500
330	11.000000	162888365277666	162888400694083	consumed-notification	162888536834000	162888400697958
331	11.033333	162888400781791	162888438115208	consumed-notification	162888570156375	162888438117958
332	11.066667	162888438224208	162888475528166	consumed-notification	162888603500291	162888475531500
333	11.100000	162888475640958	162888494215333	consumed-notification	162888636823250	162888494217916
334	11.133333	162888494294291	162888531675500	consumed-notification	162888670169000	162888531680166
335	11.166667	162888531828083	162888568324333	consumed-notification	162888703497666	162888568327875
336	11.200000	162888568392333	162888605735458	consumed-notification	162888736836208	162888605737833
337	11.233333	162888605854875	162888641941000	consumed-notification	162888770153666	162888641944416
338	11.266667	162888642035875	162888660634125	consumed-notification	162888803493833	162888660636541
339	11.300000	162888660720125	162888698042791	consumed-notification	162888836828875	162888698045000
340	11.333333	162888698129666	162888735503333	consumed-notification	162888870160000	162888735507083
341	11.366667	162888735615375	162888772925625	consumed-notification	162888903486458	162888772928083
342	11.400000	162888773053708	162888791662791	consumed-notification	162888936833083	162888791667041
343	11.433333	162888791756541	162888829112625	consumed-notification	162888970154625	162888829117333
344	11.466667	162888829237416	162888865405041	consumed-notification	162889003510791	162888865408666
345	11.500000	162888865500250	162888902830791	consumed-notification	162889036832750	162888902834208
346	11.533333	162888902943041	162888939781083	consumed-notification	162889070157083	162888939784750
347	11.566667	162888939880791	162888958514833	consumed-notification	162889103495291	162888958518500
348	11.600000	162888958637500	162888995929791	consumed-notification	162889136826833	162888995933458
349	11.633333	162888996036708	162889033357666	consumed-notification	162889170156958	162889033360458
350	11.666667	162889033483375	162889070786166	consumed-notification	162889203500583	162889070790083
351	11.700000	162889070879083	162889108232708	consumed-notification	162889236831666	162889108236291
352	11.733333	162889108329250	162889125718666	consumed-notification	162889270158875	162889125722833
353	11.766667	162889125836916	162889163154625	consumed-notification	162889303491750	162889163157708
354	11.800000	162889163255375	162889200609166	consumed-notification	162889336822000	162889200613750
355	11.833333	162889200783791	162889238079500	consumed-notification	162889370165500	162889238083125
356	11.866667	162889238184125	162889275514625	consumed-notification	162889403494708	162889275518416
357	11.900000	162889275626083	162889294209833	consumed-notification	162889436838125	162889294212250
358	11.933333	162889294365625	162889331646041	consumed-notification	162889470167208	162889331650041
359	11.966667	162889331734708	162889369110583	consumed-notification	162889503498291	162889369114958
360	12.000000	162889369239166	162889406530208	consumed-notification	162889536825000	162889406534000
361	12.033333	162889406663625	162889425239416	consumed-notification	162889570154708	162889425243041
362	12.066667	162889425359791	162889462700708	consumed-notification	162889603494791	162889462704458
363	12.100000	162889462852041	162889500164625	consumed-notification	162889636826125	162889500168500
364	12.133333	162889500267500	162889537580500	consumed-notification	162889670149416	162889537584041
365	12.166667	162889537696041	162889575059791	consumed-notification	162889703485583	162889575063041
366	12.200000	162889575182500	162889593776791	consumed-notification	162889736830208	162889593779541
367	12.233333	162889593884250	162889630526291	consumed-notification	162889770153666	162889630529916
368	12.266667	162889630649666	162889667978791	consumed-notification	162889803490708	162889667982125
369	12.300000	162889668100125	162889705426208	consumed-notification	162889836816291	162889705429833
370	12.333333	162889705511166	162889742841875	consumed-notification	162889870148541	162889742844583
371	12.366667	162889742956416	162889761576208	consumed-notification	162889903481583	162889761579541
372	12.400000	162889761669416	162889798983083	consumed-notification	162889936815208	162889798985416
373	12.433333	162889799098541	162889836171708	consumed-notification	162889970150333	162889836175041
374	12.466667	162889836272000	162889873586833	consumed-notification	162890003489208	162889873590625
375	12.500000	162889873663291	162889892110458	consumed-notification	162890036819333	162889892114166
376	12.533333	162889892207375	162889929511708	consumed-notification	162890070147000	162889929514125
377	12.566667	162889929619833	162889966900416	consumed-notification	162890103489166	162889966903125
378	12.600000	162889966984541	162890004297166	consumed-notification	162890136829333	162890004300583
379	12.633333	162890004387333	162890041683833	consumed-notification	162890170155333	162890041686333
380	12.666667	162890041780250	162890060369833	consumed-notification	162890203481333	162890060372208
381	12.700000	162890060439333	162890097747708	consumed-notification	162890236816791	162890097750208
382	12.733333	162890097832666	162890135207833	consumed-notification	162890270153666	162890135212166
383	12.766667	162890135426375	162890172661375	consumed-notification	162890303480166	162890172664916
384	12.800000	162890172805166	162890191367916	consumed-notification	162890336820250	162890191371000
385	12.833333	162890191495666	162890228791416	consumed-notification	162890370157666	162890228794041
386	12.866667	162890228891583	162890266202500	consumed-notification	162890403489708	162890266205250
387	12.900000	162890266321375	162890303603333	consumed-notification	162890436845375	162890303606041
388	12.933333	162890303735958	162890341011333	consumed-notification	162890470156541	162890341014833
389	12.966667	162890341128708	162890359706583	consumed-notification	162890503481916	162890359709041
390	13.000000	162890359783833	162890397105583	consumed-notification	162890536814375	162890397108458
391	13.033333	162890397184375	162890432787583	consumed-notification	162890570169083	162890432792083
392	13.066667	162890432946750	162890470165041	consumed-notification	162890603493375	162890470170500
393	13.100000	162890470265166	162890507531333	consumed-notification	162890636815125	162890507533750
394	13.133333	162890507617541	162890526237500	consumed-notification	162890670151291	162890526240375
395	13.166667	162890526312958	162890563645083	consumed-notification	162890703481083	162890563648000
396	13.200000	162890563718916	162890601022666	consumed-notification	162890736819125	162890601025333
397	13.233333	162890601109083	162890636901416	consumed-notification	162890770144666	162890636905125
398	13.266667	162890636977958	162890674295708	consumed-notification	162890803482750	162890674298041
399	13.300000	162890674422333	162890693010583	consumed-notification	162890836819875	162890693012583
400	13.333333	162890693098791	162890730422083	consumed-notification	162890870150166	162890730424541
401	13.366667	162890730521000	162890767808583	consumed-notification	162890903477208	162890767810916
402	13.400000	162890767884166	162890805230500	consumed-notification	162890936807708	162890805233750
403	13.433333	162890805333833	162890842639958	consumed-notification	162890970161708	162890842642458
404	13.466667	162890842744958	162890859447375	consumed-notification	162891003484250	162890859449916
405	13.500000	162890859603750	162890896870750	consumed-notification	162891036816458	162890896873250
406	13.533333	162890896969833	162890934266916	consumed-notification	162891070158833	162890934269833
407	13.566667	162890934370458	162890971692083	consumed-notification	162891103476833	162890971695625
408	13.600000	162890971758416	162891009067333	consumed-notification	162891136812375	162891009069958
409	13.633333	162891009147833	162891027798208	consumed-notification	162891170155250	162891027801333
410	13.666667	162891027917375	162891065204916	consumed-notification	162891203484000	162891065208083
411	13.700000	162891065314333	162891102247041	consumed-notification	162891236808250	162891102249416
412	13.733333	162891102360833	162891139660791	consumed-notification	162891270140541	162891139663791
413	13.766667	162891139751541	162891158372416	consumed-notification	162891303485000	162891158375791
414	13.800000	162891158477000	162891214489291	consumed-notification	162891336824625	162891214493000
415	13.833333	162891214585541	162891233182291	consumed-notification	162891370147958	162891233185041
416	13.866667	162891233303375	162891270584125	consumed-notification	162891403483000	162891270586625
417	13.900000	162891270676291	162891307965083	consumed-notification	162891436819708	162891307968333
418	13.933333	162891308047416	162891326673166	consumed-notification	162891470145875	162891326675833
419	13.966667	162891326762500	162891364065125	consumed-notification	162891503481875	162891364067625
420	14.000000	162891364165625	162891401455166	consumed-notification	162891536819083	162891401457750
421	14.033333	162891401542708	162891438882500	consumed-notification	162891570152958	162891438886375
422	14.066667	162891438995500	162891476303625	consumed-notification	162891603473541	162891476307583
423	14.100000	162891476449625	162891493666750	consumed-notification	162891636817500	162891493669708
424	14.133333	162891493786041	162891531082708	consumed-notification	162891670144000	162891531086583
425	14.166667	162891531182833	162891568477541	consumed-notification	162891703483791	162891568484250
426	14.200000	162891568572333	162891604035583	consumed-notification	162891736810583	162891604038333
427	14.233333	162891604134125	162891641425458	consumed-notification	162891770144541	162891641428666
428	14.266667	162891641511166	162891660133958	consumed-notification	162891803473791	162891660137000
429	14.300000	162891660227791	162891697556125	consumed-notification	162891836808291	162891697559458
430	14.333333	162891697658541	162891734972250	consumed-notification	162891870143166	162891734975416
431	14.366667	162891735074166	162891772246833	consumed-notification	162891903477000	162891772250041
432	14.400000	162891772392541	162891809650625	consumed-notification	162891936821666	162891809654625
433	14.433333	162891809745041	162891828317041	consumed-notification	162891970138166	162891828318791
434	14.466667	162891828387541	162891865713541	consumed-notification	162892003474958	162891865715958
435	14.500000	162891865793750	162891903118958	consumed-notification	162892036819250	162891903122166
436	14.533333	162891903211625	162891940494458	consumed-notification	162892070158458	162891940496500
437	14.566667	162891940604458	162891959187000	consumed-notification	162892103479708	162891959188791
438	14.600000	162891959266083	162891996568791	consumed-notification	162892136815041	162891996570791
439	14.633333	162891996646166	162892033949958	consumed-notification	162892170139833	162892033951750
440	14.666667	162892034026375	162892071328791	consumed-notification	162892203473708	162892071330666
441	14.700000	162892071415833	162892108710291	consumed-notification	162892236808416	162892108712166
442	14.733333	162892108783583	162892127401708	consumed-notification	162892270176125	162892127403791
443	14.766667	162892127478291	162892164791958	consumed-notification	162892303488833	162892164794083
444	14.800000	162892164878833	162892202188750	consumed-notification	162892336806958	162892202191250
445	14.833333	162892202275375	162892239618208	consumed-notification	162892370144208	162892239620750
446	14.866667	162892239737375	162892258310458	consumed-notification	162892403489833	162892258312083
447	14.900000	162892258391916	162892295801208	consumed-notification	162892436828500	162892295804541
448	14.933333	162892295895166	162892333158500	consumed-notification	162892470159750	162892333161250
449	14.966667	162892333228333	162892370582208	consumed-notification	162892503473000	162892370585958
450	15.000000	162892370665375	162892407987166	consumed-notification	162892536807500	162892407989500
451	15.033333	162892408079541	162892425460625	consumed-notification	162892570153041	162892425463541
452	15.066667	162892425554500	162892462892500	consumed-notification	162892603481458	162892462895250
453	15.100000	162892463006041	162892500347166	consumed-notification	162892636806041	162892500350666
454	15.133333	162892500447208	162892537754583	consumed-notification	162892670143375	162892537758166
455	15.166667	162892537833458	162892575166208	consumed-notification	162892703480041	162892575169458
456	15.200000	162892575275708	162892593853875	consumed-notification	162892736810041	162892593856250
457	15.233333	162892593938125	162892631262583	consumed-notification	162892770150250	162892631265000
458	15.266667	162892631360208	162892667135375	consumed-notification	162892803486875	162892667139250
459	15.300000	162892667240791	162892703022958	consumed-notification	162892836818083	162892703026208
460	15.333333	162892703135291	162892740460208	consumed-notification	162892870143416	162892740463916
461	15.366667	162892740559458	162892759178916	consumed-notification	162892903489583	162892759182250
462	15.400000	162892759272333	162892795203041	consumed-notification	162892936817500	162892795207083
463	15.433333	162892795324041	162892832647500	consumed-notification	162892970143625	162892832650916
464	15.466667	162892832794125	162892870099291	consumed-notification	162893003483375	162892870103166
465	15.500000	162892870208333	162892907501250	consumed-notification	162893036818291	162892907504416
466	15.533333	162892907597541	162892926228208	consumed-notification	162893070145875	162892926231666
467	15.566667	162892926299208	162892963636000	consumed-notification	162893103487458	162892963639625
468	15.600000	162892963774750	162893001061916	consumed-notification	162893136820541	162893001065583
469	15.633333	162893001175666	162893038472208	consumed-notification	162893170466000	162893038474958
470	15.666667	162893038578666	162893075924458	consumed-notification	162893203484583	162893075928083
471	15.700000	162893076021208	162893094633875	consumed-notification	162893236810875	162893094636791
472	15.733333	162893094747458	162893132078041	consumed-notification	162893270144708	162893132081375
473	15.766667	162893132184541	162893169534208	consumed-notification	162893303479583	162893169538208
474	15.800000	162893169622708	162893206954958	consumed-notification	162893337467333	162893206958541
475	15.833333	162893207075500	162893225680708	consumed-notification	162893370148708	162893225684125
476	15.866667	162893225785500	162893261658541	consumed-notification	162893403476250	162893261662666
477	15.900000	162893261791250	162893299100958	consumed-notification	162893436811208	162893299104958
478	15.933333	162893299230041	162893336531208	consumed-notification	162893470148125	162893336534708
479	15.966667	162893336642125	162893373957500	consumed-notification	162893503479791	162893373960750
480	16.000000	162893374047708	162893392680000	consumed-notification	162893536820666	162893392683083
481	16.033333	162893392783166	162893430100041	consumed-notification	162893570147250	162893430103375
482	16.066667	162893430204791	162893467545041	consumed-notification	162893603474541	162893467548541
483	16.100000	162893467639500	162893504996458	consumed-notification	162893636812083	162893505000416
484	16.133333	162893505128291	162893542455041	consumed-notification	162893670142500	162893542458875
485	16.166667	162893542572750	162893561188416	consumed-notification	162893703489416	162893561191666
486	16.200000	162893561312375	162893598604416	consumed-notification	162893736808083	162893598607666
487	16.233333	162893598705041	162893635737875	consumed-notification	162893770160791	162893635741333
488	16.266667	162893635856916	162893673184833	consumed-notification	162893803495250	162893673189041
489	16.300000	162893673354875	162893691924125	consumed-notification	162893836810166	162893691928291
490	16.333333	162893692035416	162893729347916	consumed-notification	162893870149625	162893729351333
491	16.366667	162893729444041	162893766794458	consumed-notification	162893903490958	162893766798083
492	16.400000	162893766919791	162893803742583	consumed-notification	162893936817916	162893803746333
493	16.433333	162893803864166	162893841209875	consumed-notification	162893970141916	162893841214375
494	16.466667	162893841337041	162893859956125	consumed-notification	162894003476666	162893859960791
495	16.500000	162893860027291	162893895517458	consumed-notification	162894036807875	162893895521625
496	16.533333	162893895637166	162893932944250	consumed-notification	162894070151416	162893932947875
497	16.566667	162893933132000	162893970407416	consumed-notification	162894103486208	162893970411333
498	16.600000	162893970517500	162894007858125	consumed-notification	162894136802166	162894007861583
499	16.633333	162894007973500	162894024941666	consumed-notification	162894170142333	162894024945291
500	16.666667	162894025055958	162894062356750	consumed-notification	162894203475583	162894062360000
501	16.700000	162894062467666	162894099794250	consumed-notification	162894236809333	162894099797791
502	16.733333	162894099897625	162894135657500	consumed-notification	162894270164208	162894135661250
503	16.766667	162894135757208	162894172314625	consumed-notification	162894303483041	162894172318000
504	16.800000	162894172416583	162894209770875	consumed-notification	162894336804250	162894209789000
505	16.833333	162894209919375	162894228483625	consumed-notification	162894370151750	162894228487250
506	16.866667	162894228621416	162894265962166	consumed-notification	162894403472166	162894265965875
507	16.900000	162894266169750	162894303420041	consumed-notification	162894436806166	162894303423500
508	16.933333	162894303537125	162894340875000	consumed-notification	162894470140625	162894340880000
509	16.966667	162894341115750	162894359601750	consumed-notification	162894503473500	162894359605291
510	17.000000	162894359869583	162894397079166	consumed-notification	162894536804083	162894397082958
511	17.033333	162894397331916	162894434524958	consumed-notification	162894570151250	162894434528458
512	17.066667	162894434627458	162894471961500	consumed-notification	162894603477916	162894471965250
513	17.100000	162894472074458	162894509450625	consumed-notification	162894636806291	162894509457500
514	17.133333	162894509546750	162894528151500	consumed-notification	162894670134375	162894528156250
515	17.166667	162894528226750	162894565571958	consumed-notification	162894703471375	162894565575833
516	17.200000	162894565642375	162894603019625	consumed-notification	162894736805041	162894603023416
517	17.233333	162894603139166	162894639512125	consumed-notification	162894770137208	162894639516416
518	17.266667	162894639633333	162894675279500	consumed-notification	162894803471625	162894675283583
519	17.300000	162894675412000	162894694043083	consumed-notification	162894836811375	162894694047625
520	17.333333	162894694160625	162894731505875	consumed-notification	162894870146291	162894731508625
521	17.366667	162894731659916	162894768943833	consumed-notification	162894903474791	162894768947583
522	17.400000	162894769047125	162894806374916	consumed-notification	162894936809958	162894806378458
523	17.433333	162894806475166	162894825089208	consumed-notification	162894970132916	162894825092791
524	17.466667	162894825187875	162894862518041	consumed-notification	162895003471833	162894862520958
525	17.500000	162894862601458	162894899942625	consumed-notification	162895036814041	162894899946041
526	17.533333	162894900027291	162894937375041	consumed-notification	162895070144583	162894937378666
527	17.566667	162894937466000	162894974809541	consumed-notification	162895103469958	162894974813250
528	17.600000	162894974934208	162894992363541	consumed-notification	162895136810625	162894992367333
529	17.633333	162894992458500	162895029744333	consumed-notification	162895170134916	162895029747333
530	17.666667	162895029822708	162895067140041	consumed-notification	162895203474750	162895067143041
531	17.700000	162895067222500	162895104533458	consumed-notification	162895236803666	162895104536583
532	17.733333	162895104615000	162895141957333	consumed-notification	162895270137875	162895141961000
533	17.766667	162895142026541	162895160653500	consumed-notification	162895303477250	162895160656500
534	17.800000	162895160725458	162895198105125	consumed-notification	162895336814041	162895198110208
535	17.833333	162895198177833	162895233906916	consumed-notification	162895370135166	162895233910000
536	17.866667	162895233995291	162895271353833	consumed-notification	162895403463666	162895271357916
537	17.900000	162895271434166	162895308760375	consumed-notification	162895436797083	162895308763166
538	17.933333	162895308860083	162895327472458	consumed-notification	162895470131125	162895327475583
539	17.966667	162895327554541	162895364905291	consumed-notification	162895503476708	162895364908291
540	18.000000	162895365000250	162895402274000	consumed-notification	162895536819083	162895402276750
541	18.033333	162895402360666	162895439711375	consumed-notification	162895570132458	162895439714416
542	18.066667	162895439819833	162895458405375	consumed-notification	162895603472416	162895458407500
543	18.100000	162895458498083	162895495846750	consumed-notification	162895636801333	162895495851375
544	18.133333	162895495925791	162895533250000	consumed-notification	162895670135000	162895533254291
545	18.166667	162895533330458	162895570675916	consumed-notification	162895703470625	162895570679250
546	18.200000	162895570804041	162895608119833	consumed-notification	162895736800875	162895608123291
547	18.233333	162895608195291	162895626816208	consumed-notification	162895770134791	162895626819791
548	18.266667	162895626934708	162895662634708	consumed-notification	162895803477791	162895662642708
549	18.300000	162895662752958	162895700014791	consumed-notification	162895836806500	162895700017166
550	18.333333	162895700087750	162895737452375	consumed-notification	162895870140541	162895737455875
551	18.366667	162895737554750	162895774840250	consumed-notification	162895903461458	162895774842916
552	18.400000	162895774939833	162895793536833	consumed-notification	162895936806333	162895793539000
553	18.433333	162895793689208	162895830955250	consumed-notification	162895970137833	162895830957625
554	18.466667	162895831068583	162895868341083	consumed-notification	162896003464000	162895868344416
555	18.500000	162895868414333	162895905712291	consumed-notification	162896036795000	162895905715416
556	18.533333	162895905777333	162895943131500	consumed-notification	162896070139625	162895943134666
557	18.566667	162895943222166	162895961901291	consumed-notification	162896103474458	162895961905333
558	18.600000	162895962037333	162895999266333	consumed-notification	162896136793750	162895999269625
559	18.633333	162895999381833	162896036695041	consumed-notification	162896170142166	162896036697458
560	18.666667	162896036822333	162896074096583	consumed-notification	162896203466041	162896074099458
561	18.700000	162896074194375	162896092789750	consumed-notification	162896236800208	162896092792250
562	18.733333	162896092874333	162896130199958	consumed-notification	162896270137041	162896130202000
563	18.766667	162896130307916	162896167625333	consumed-notification	162896303465708	162896167628583
564	18.800000	162896167726208	162896205059583	consumed-notification	162896336940750	162896205062708
565	18.833333	162896205152958	162896242476666	consumed-notification	162896370134125	162896242479041
566	18.866667	162896242579208	162896261183750	consumed-notification	162896403478666	162896261186250
567	18.900000	162896261292958	162896298596041	consumed-notification	162896436795625	162896298598333
568	18.933333	162896298699458	162896336017083	consumed-notification	162896470124500	162896336019708
569	18.966667	162896336110750	162896373492416	consumed-notification	162896503465958	162896373496791
570	19.000000	162896373585875	162896392154208	consumed-notification	162896536801250	162896392156375
571	19.033333	162896392259291	162896429581583	consumed-notification	162896570143083	162896429585708
572	19.066667	162896429660541	162896466979583	consumed-notification	162896603466125	162896466983625
573	19.100000	162896467051833	162896504368791	consumed-notification	162896636790333	162896504372500
574	19.133333	162896504474125	162896541747458	consumed-notification	162896670132041	162896541750000
575	19.166667	162896541852541	162896560449750	consumed-notification	162896703478125	162896560452166
576	19.200000	162896560508666	162896597895458	consumed-notification	162896736804083	162896597898875
577	19.233333	162896597973708	162896635264625	consumed-notification	162896770140916	162896635267083
578	19.266667	162896635378333	162896672652625	consumed-notification	162896803474750	162896672655250
579	19.300000	162896672773125	162896691324875	consumed-notification	162896836796583	162896691326291
580	19.333333	162896691392083	162896728709291	consumed-notification	162896870133375	162896728710916
581	19.366667	162896728791541	162896766107625	consumed-notification	162896903465291	162896766109750
582	19.400000	162896766190791	162896803488041	consumed-notification	162896936806541	162896803490625
583	19.433333	162896803571666	162896840902125	consumed-notification	162896970132166	162896840905708
584	19.466667	162896840998333	162896859578083	consumed-notification	162897003471708	162896859581625
585	19.500000	162896859647416	162896896961166	consumed-notification	162897036804416	162896896963500
586	19.533333	162896897159083	162896934365833	consumed-notification	162897070142291	162896934368000
587	19.566667	162896934471208	162896971760458	consumed-notification	162897103461541	162896971763416
588	19.600000	162896971863166	162897009153000	consumed-notification	162897136790625	162897009155333
589	19.633333	162897009257875	162897027861875	consumed-notification	162897170135291	162897027864208
590	19.666667	162897027958000	162897065257791	consumed-notification	162897203478541	162897065260291
591	19.700000	162897065343583	162897102660208	consumed-notification	162897236818208	162897102662500
592	19.733333	162897102764875	162897140064458	consumed-notification	162897270139250	162897140066791
593	19.766667	162897140148375	162897158773916	consumed-notification	162897303483333	162897158777375
594	19.800000	162897158838458	162897196228625	consumed-notification	162897336824416	162897196231958
595	19.833333	162897196316750	162897233624375	consumed-notification	162897370157458	162897233625833
596	19.866667	162897233678708	162897271002208	consumed-notification	162897403517375	162897271004583
597	19.900000	162897271061708	162897308427250	consumed-notification	162897436808041	162897308430125
598	19.933333	162897308501000	162897327214291	consumed-notification	162897470128916	162897327220250
599	19.966667	162897327314083	162897364643208	consumed-notification	162897503466583	162897364648083
600	20.000000	162897364779833	162897402258166	consumed-notification	162897536796625	162897402270375
601	20.033333	162897406294250	162897439497291	consumed-notification	162897570125958	162897439501208
602	20.066667	162897439635250	162897475630291	consumed-notification	162897603456458	162897475634625
603	20.100000	162897475755833	162897494384333	consumed-notification	162897636791583	162897494387500
604	20.133333	162897494546625	162897531745541	consumed-notification	162897670133750	162897531747791
605	20.166667	162897531843333	162897569141291	consumed-notification	162897703458541	162897569143375
606	20.200000	162897569222000	162897606535416	consumed-notification	162897736797666	162897606537416
607	20.233333	162897606622458	162897625236666	consumed-notification	162897770123625	162897625238250
608	20.266667	162897625295625	162897662670500	consumed-notification	162897803471000	162897662673750
609	20.300000	162897662775708	162897700104875	consumed-notification	162897836804500	162897700108166
610	20.333333	162897700195291	162897737503125	consumed-notification	162897870138041	162897737507458
611	20.366667	162897737657000	162897774937208	consumed-notification	162897903497250	162897774940708
612	20.400000	162897775031750	162897793621666	consumed-notification	162897936797500	162897793624333
613	20.433333	162897793716250	162897831030583	consumed-notification	162897970131041	162897831033208
614	20.466667	162897831123875	162897868476833	consumed-notification	162898003465833	162897868481166
615	20.500000	162897868586833	162897903927250	consumed-notification	162898036797541	162897903931541
616	20.533333	162897904069750	162897939483708	consumed-notification	162898070135500	162897939487333
617	20.566667	162897939599375	162897973400375	consumed-notification	162898103469541	162897973404125
618	20.600000	162897973543708	162897991522500	consumed-notification	162898136795666	162897991526416
619	20.633333	162897991628958	162898027628291	consumed-notification	162898170128416	162898027632666
620	20.666667	162898027753916	162898063005125	consumed-notification	162898203468583	162898063008625
621	20.700000	162898063107333	162898100445791	consumed-notification	162898236800541	162898100450541
622	20.733333	162898100589666	162898137877791	consumed-notification	162898270142583	162898137881500
623	20.766667	162898137984125	162898175314541	consumed-notification	162898303467833	162898175317500
624	20.800000	162898175420083	162898194058166	consumed-notification	162898336804916	162898194062208
625	20.833333	162898194137375	162898231504458	consumed-notification	162898370131833	162898231508500
626	20.866667	162898231626250	162898268921666	consumed-notification	162898403469666	162898268925458
627	20.900000	162898269081000	162898304733666	consumed-notification	162898436811083	162898304737125
628	20.933333	162898304830916	162898342158916	consumed-notification	162898470129250	162898342161916
629	20.966667	162898342256333	162898360901583	consumed-notification	162898503463166	162898360905125
630	21.000000	162898361027916	162898398343750	consumed-notification	162898536802041	162898398347125
631	21.033333	162898398432583	162898435794250	consumed-notification	162898570138291	162898435798083
632	21.066667	162898435923416	162898473250708	consumed-notification	162898603468666	162898473254708
633	21.100000	162898473358625	162898491976708	consumed-notification	162898636797541	162898491980541
634	21.133333	162898492084083	162898529412916	consumed-notification	162898670129208	162898529416625
635	21.166667	162898529506916	162898566828875	consumed-notification	162898703488833	162898566833083
636	21.200000	162898566904416	162898604250000	consumed-notification	162898736790666	162898604253750
637	21.233333	162898604325583	162898641656916	consumed-notification	162898770140500	162898641660875
638	21.266667	162898641775416	162898660372041	consumed-notification	162898803462083	162898660375750
639	21.300000	162898660496833	162898697819041	consumed-notification	162898836798041	162898697823541
640	21.333333	162898697924958	162898733694416	consumed-notification	162898870137541	162898733698333
641	21.366667	162898733809500	162898771093000	consumed-notification	162898903465708	162898771096291
642	21.400000	162898771200208	162898808538291	consumed-notification	162898936793625	162898808542500
643	21.433333	162898808629333	162898827236291	consumed-notification	162898970123916	162898827240458
644	21.466667	162898827322166	162898864681458	consumed-notification	162899003469166	162898864685750
645	21.500000	162898864807208	162898902108750	consumed-notification	162899036799583	162898902112458
646	21.533333	162898902241041	162898939555458	consumed-notification	162899070126083	162898939559291
647	21.566667	162898939749083	162898958295583	consumed-notification	162899103466041	162898958299458
648	21.600000	162898958407666	162898993774208	consumed-notification	162899136784666	162898993777541
649	21.633333	162898993891500	162899031196125	consumed-notification	162899170166416	162899031199708
650	21.666667	162899031294375	162899067574583	consumed-notification	162899203460916	162899067578875
651	21.700000	162899067677375	162899104979750	consumed-notification	162899236799375	162899104982791
652	21.733333	162899105046791	162899142377291	consumed-notification	162899270136833	162899142379791
653	21.766667	162899142498583	162899161126458	consumed-notification	162899303460166	162899161130041
654	21.800000	162899161204250	162899198542041	consumed-notification	162899336791333	162899198545833
655	21.833333	162899198677916	162899235679708	consumed-notification	162899370121125	162899235682833
656	21.866667	162899235782500	162899271787833	consumed-notification	162899403479000	162899271791958
657	21.900000	162899271875666	162899309198875	consumed-notification	162899436796541	162899309202875
658	21.933333	162899309333041	162899327932875	consumed-notification	162899470133541	162899327936875
659	21.966667	162899328094916	162899365351500	consumed-notification	162899503463625	162899365354000
660	22.000000	162899365439041	162899402779166	consumed-notification	162899536783625	162899402782375
661	22.033333	162899402881125	162899440187208	consumed-notification	162899570120375	162899440189750
662	22.066667	162899440281250	162899458925875	consumed-notification	162899603454708	162899458928458
663	22.100000	162899459046458	162899496310083	consumed-notification	162899636803583	162899496312333
664	22.133333	162899496430416	162899533700166	consumed-notification	162899670131500	162899533702583
665	22.166667	162899533810583	162899571086833	consumed-notification	162899703470166	162899571089208
666	22.200000	162899571171541	162899608493458	consumed-notification	162899736784375	162899608496208
667	22.233333	162899608584833	162899627226000	consumed-notification	162899770119916	162899627228458
668	22.266667	162899627322125	162899664699416	consumed-notification	162899803467916	162899664702708
669	22.300000	162899664805041	162899702144625	consumed-notification	162899836787083	162899702148750
670	22.333333	162899702223791	162899739571416	consumed-notification	162899870127208	162899739575541
671	22.366667	162899739646375	162899758310916	consumed-notification	162899903466291	162899758314625
672	22.400000	162899758359083	162899795757208	consumed-notification	162899936788083	162899795760875
673	22.433333	162899795884500	162899831637416	consumed-notification	162899970119166	162899831640125
674	22.466667	162899831740250	162899869064583	consumed-notification	162900003468875	162899869067083
675	22.500000	162899869208166	162899906474375	consumed-notification	162900036797208	162899906477083
676	22.533333	162899906575875	162899925188458	consumed-notification	162900070118458	162899925190625
677	22.566667	162899925253833	162899962580083	consumed-notification	162900103455333	162899962582375
678	22.600000	162899962686291	162899998216541	consumed-notification	162900136789208	162899998220416
679	22.633333	162899998284625	162900035658000	consumed-notification	162900170128083	162900035662166
680	22.666667	162900035770083	162900070365625	consumed-notification	162900203472791	162900070369083
681	22.700000	162900070484333	162900107784875	consumed-notification	162900236784833	162900107788416
682	22.733333	162900107871166	162900126502708	consumed-notification	162900270131041	162900126508833
683	22.766667	162900126648500	162900163678750	consumed-notification	162900303466291	162900163682000
684	22.800000	162900163775500	162900201118625	consumed-notification	162900336805916	162900201122291
685	22.833333	162900201290041	162900238592916	consumed-notification	162900370140208	162900238597041
686	22.866667	162900238716541	162900276017416	consumed-notification	162900403467000	162900276020875
687	22.900000	162900276120875	162900293240166	consumed-notification	162900436803750	162900293244708
688	22.933333	162900293330041	162900330704833	consumed-notification	162900470134458	162900330708916
689	22.966667	162900330827416	162900368181500	consumed-notification	162900503472458	162900368185583
690	23.000000	162900368305666	162900405640958	consumed-notification	162900536787958	162900405644916
691	23.033333	162900405751916	162900443073375	consumed-notification	162900570129750	162900443077625
692	23.066667	162900443182083	162900461819041	consumed-notification	162900603463291	162900461823083
693	23.100000	162900461945666	162900499239500	consumed-notification	162900636792750	162900499243208
694	23.133333	162900499355916	162900535680083	consumed-notification	162900670158583	162900535683125
695	23.166667	162900535808958	162900573175916	consumed-notification	162900703461666	162900573179458
696	23.200000	162900573296083	162900591900291	consumed-notification	162900736809250	162900591903875
697	23.233333	162900592004416	162900629342458	consumed-notification	162900770124166	162900629347041
698	23.266667	162900629518333	162900664984375	consumed-notification	162900803449083	162900664987333
699	23.300000	162900665125125	162900702442625	consumed-notification	162900836782666	162900702447541
700	23.333333	162900702548333	162900739864500	consumed-notification	162900870116083	162900739868041
701	23.366667	162900740005583	162900758600500	consumed-notification	162900903461250	162900758606125
702	23.400000	162900758719208	162900796046166	consumed-notification	162900936785916	162900796049333
703	23.433333	162900796147875	162900833486500	consumed-notification	162900970124041	162900833489875
704	23.466667	162900833615750	162900870919958	consumed-notification	162901003457500	162900870923666
705	23.500000	162900871027875	162900904859458	consumed-notification	162901036799458	162900904863541
706	23.533333	162900904950458	162900939619708	consumed-notification	162901070130875	162900939624000
707	23.566667	162900939769291	162900958334291	consumed-notification	162901103455833	162900958338541
708	23.600000	162900958492875	162900994716708	consumed-notification	162901136789083	162900994720708
709	23.633333	162900994827833	162901029155958	consumed-notification	162901170118291	162901029159416
710	23.666667	162901029280583	162901064858208	consumed-notification	162901203473500	162901064862041
711	23.700000	162901064971791	162901102284375	consumed-notification	162901236807000	162901102287541
712	23.733333	162901102438416	162901139756625	consumed-notification	162901270135833	162901139760791
713	23.766667	162901139883416	162901158191333	consumed-notification	162901303454708	162901158195875
714	23.800000	162901158325291	162901194625125	consumed-notification	162901336800625	162901194629500
715	23.833333	162901194758708	162901232061416	consumed-notification	162901370123416	162901232065250
716	23.866667	162901232204000	162901269524291	consumed-notification	162901403473083	162901269528416
717	23.900000	162901269660875	162901306949750	consumed-notification	162901436788875	162901306952916
718	23.933333	162901307111333	162901325712125	consumed-notification	162901470133791	162901325716000
719	23.966667	162901325831750	162901363169500	consumed-notification	162901503457750	162901363173291
720	24.000000	162901363279500	162901400586416	consumed-notification	162901536788916	162901400590166
721	24.033333	162901400695458	162901437498291	consumed-notification	162901570130208	162901437502375
722	24.066667	162901437593666	162901474040208	consumed-notification	162901603449541	162901474044166
723	24.100000	162901474139458	162901492490958	consumed-notification	162901637238583	162901492493625
724	24.133333	162901492617250	162901529905958	consumed-notification	162901670118250	162901529908916
725	24.166667	162901529997416	162901567283041	consumed-notification	162901703456000	162901567286208
726	24.200000	162901567368375	162901604708916	consumed-notification	162901736792625	162901604711625
727	24.233333	162901604837833	162901641961250	consumed-notification	162901770124916	162901641965916
728	24.266667	162901642072666	162901660626375	consumed-notification	162901803457958	162901660628916
729	24.300000	162901660719666	162901698052041	consumed-notification	162901836796666	162901698054750
730	24.333333	162901698171166	162901735485958	consumed-notification	162901870120875	162901735489125
731	24.366667	162901735594041	162901772935625	consumed-notification	162901903483875	162901772939250
732	24.400000	162901773039416	162901791636208	consumed-notification	162901936778666	162901791638708
733	24.433333	162901791772708	162901829055041	consumed-notification	162901970122291	162901829057916
734	24.466667	162901829174166	162901866465625	consumed-notification	162902003445958	162901866468500
735	24.500000	162901866553708	162901903897291	consumed-notification	162902036774000	162901903901541
736	24.533333	162901903956958	162901941276750	consumed-notification	162902070117750	162901941279625
737	24.566667	162901941355541	162901960000666	consumed-notification	162902103451791	162901960003166
738	24.600000	162901960113833	162901997414291	consumed-notification	162902136789416	162901997417375
739	24.633333	162901997504291	162902034852583	consumed-notification	162902170127583	162902034856583
740	24.666667	162902034983416	162902070767166	consumed-notification	162902203456083	162902070772041
741	24.700000	162902070876708	162902108203333	consumed-notification	162902236796250	162902108206583
742	24.733333	162902108314375	162902126926541	consumed-notification	162902270130250	162902126929750
743	24.766667	162902127019416	162902164371041	consumed-notification	162902303455958	162902164376000
744	24.800000	162902164980458	162902201165375	consumed-notification	162902336790416	162902201169458
745	24.833333	162902201293500	162902235885791	consumed-notification	162902370115000	162902235889666
746	24.866667	162902236006708	162902273330125	consumed-notification	162902403450958	162902273334833
747	24.900000	162902273439041	162902292041666	consumed-notification	162902436782208	162902292044833
748	24.933333	162902292132375	162902329480666	consumed-notification	162902470117125	162902329484916
749	24.966667	162902329580875	162902366926666	consumed-notification	162902503449625	162902366930125
750	25.000000	162902367040166	162902404333750	consumed-notification	162902536781625	162902404336500
751	25.033333	162902404444708	162902441776000	consumed-notification	162902570117833	162902441780291
752	25.066667	162902441867125	162902460506750	consumed-notification	162902603448958	162902460509333
753	25.100000	162902460617125	162902497928833	consumed-notification	162902636784625	162902497931333
754	25.133333	162902498057416	162902535346541	consumed-notification	162902670109916	162902535348541
755	25.166667	162902535477166	162902572779041	consumed-notification	162902703672291	162902572781458
756	25.200000	162902572880250	162902591472666	consumed-notification	162902736788875	162902591474666
757	25.233333	162902591590583	162902628884791	consumed-notification	162902770116583	162902628886750
758	25.266667	162902628987666	162902665339875	consumed-notification	162902803454583	162902665342541
759	25.300000	162902665450625	162902702770333	consumed-notification	162902836783708	162902702773041
760	25.333333	162902702871166	162902740212625	consumed-notification	162902870109958	162902740216333
761	25.366667	162902740302583	162902758238041	consumed-notification	162902903451625	162902758239833
762	25.400000	162902758337333	162902795647416	consumed-notification	162902936782291	162902795650041
763	25.433333	162902795745333	162902833043291	consumed-notification	162902970122666	162902833045625
764	25.466667	162902833133250	162902870467083	consumed-notification	162903003451500	162902870471041
765	25.500000	162902870535750	162902907893625	consumed-notification	162903036785500	162902907896500
766	25.533333	162902907983958	162902926602625	consumed-notification	162903070116583	162902926605916
767	25.566667	162902926748541	162902964058875	consumed-notification	162903103451208	162902964061250
768	25.600000	162902964157583	162903001454458	consumed-notification	162903136794000	162903001456583
769	25.633333	162903001618000	162903038933625	consumed-notification	162903170116000	162903038939916
770	25.666667	162903039041000	162903076319875	consumed-notification	162903203447125	162903076322833
771	25.700000	162903076474250	162903095045250	consumed-notification	162903236773958	162903095047916
772	25.733333	162903095176458	162903132504250	consumed-notification	162903270118625	162903132508458
773	25.766667	162903132633750	162903169913000	consumed-notification	162903303454833	162903169915916
774	25.800000	162903170002125	162903207348708	consumed-notification	162903336782250	162903207352958
775	25.833333	162903207465250	162903226081416	consumed-notification	162903370124166	162903226085041
776	25.866667	162903226176583	162903263521625	consumed-notification	162903403448250	162903263525250
777	25.900000	162903263619500	162903300982500	consumed-notification	162903436790291	162903300986666
778	25.933333	162903301095458	162903337615458	consumed-notification	162903470131041	162903337619541
779	25.966667	162903337735041	162903375051500	consumed-notification	162903503447041	162903375055333
780	26.000000	162903375145708	162903393771916	consumed-notification	162903536788833	162903393775208
781	26.033333	162903393875083	162903431207333	consumed-notification	162903570123166	162903431211541
782	26.066667	162903431335041	162903468673000	consumed-notification	162903603448208	162903468676500
783	26.100000	162903468777333	162903506126958	consumed-notification	162903636786250	162903506130916
784	26.133333	162903506246875	162903524845875	consumed-notification	162903670122625	162903524849750
785	26.166667	162903524955500	162903562253250	consumed-notification	162903703461750	162903562257250
786	26.200000	162903562343666	162903599680833	consumed-notification	162903736778208	162903599684208
787	26.233333	162903599791500	162903635759000	consumed-notification	162903770127416	162903635762583
788	26.266667	162903635864041	162903673179333	consumed-notification	162903803441083	162903673182958
789	26.300000	162903673289291	162903691923750	consumed-notification	162903836785000	162903691927208
790	26.333333	162903692044083	162903729363000	consumed-notification	162903870118375	162903729367416
791	26.366667	162903729524791	162903766808500	consumed-notification	162903903451291	162903766811791
792	26.400000	162903766935250	162903804226458	consumed-notification	162903936778208	162903804230166
793	26.433333	162903804355750	162903841663250	consumed-notification	162903970242833	162903841667000
794	26.466667	162903841772708	162903860379250	consumed-notification	162904003440166	162903860383500
795	26.500000	162903860477291	162903895986958	consumed-notification	162904036797708	162903895990666
796	26.533333	162903896084291	162903933409833	consumed-notification	162904070117291	162903933412833
797	26.566667	162903933549500	162903969249208	consumed-notification	162904103455750	162903969253083
798	26.600000	162903969345916	162904006623541	consumed-notification	162904136781833	162904006626541
799	26.633333	162904006739041	162904025362583	consumed-notification	162904170115708	162904025365875
800	26.666667	162904025487000	162904062837625	consumed-notification	162904203438791	162904062841625
801	26.700000	162904062997000	162904100282750	consumed-notification	162904236801250	162904100287000
802	26.733333	162904100419666	162904137736791	consumed-notification	162904270115833	162904137740625
803	26.766667	162904137867958	162904175191750	consumed-notification	162904303451541	162904175195708
804	26.800000	162904175358916	162904193938583	consumed-notification	162904336779916	162904193943416
805	26.833333	162904194041875	162904231389333	consumed-notification	162904370111833	162904231394000
806	26.866667	162904231489625	162904268824708	consumed-notification	162904403462375	162904268828166
807	26.900000	162904268907916	162904306269833	consumed-notification	162904436785583	162904306273791
808	26.933333	162904306364083	162904324950291	consumed-notification	162904470110833	162904324954375
809	26.966667	162904325039291	162904362406833	consumed-notification	162904503444083	162904362410291
810	27.000000	162904362518375	162904399846458	consumed-notification	162904536773166	162904399850583
811	27.033333	162904399961083	162904437302458	consumed-notification	162904570123875	162904437305541
812	27.066667	162904437431000	162904474718583	consumed-notification	162904603445000	162904474722416
813	27.100000	162904474799750	162904492713416	consumed-notification	162904636776041	162904492717666
814	27.133333	162904492857541	162904530141291	consumed-notification	162904670104208	162904530147166
815	27.166667	162904530261583	162904567536125	consumed-notification	162904703439333	162904567539375
816	27.200000	162904567609708	162904604902125	consumed-notification	162904736771625	162904604911666
817	27.233333	162904604969958	162904642274458	consumed-notification	162904770325375	162904642277375
818	27.266667	162904642350375	162904660971125	consumed-notification	162904803444208	162904660973750
819	27.300000	162904661038291	162904698381541	consumed-notification	162904836767625	162904698384500
820	27.333333	162904698459125	162904735787625	consumed-notification	162904870107750	162904735791250
821	27.366667	162904735897458	162904773205333	consumed-notification	162904903435375	162904773208916
822	27.400000	162904773305458	162904791919208	consumed-notification	162904936773208	162904791922375
823	27.433333	162904792017083	162904829334166	consumed-notification	162904970121916	162904829337583
824	27.466667	162904829431125	162904866704333	consumed-notification	162905003456208	162904866706875
825	27.500000	162904866781875	162904904131625	consumed-notification	162905036779916	162904904135166
826	27.533333	162904904201750	162904941497708	consumed-notification	162905070124583	162904941499916
827	27.566667	162904941584958	162904960200833	consumed-notification	162905103866375	162904960203791
828	27.600000	162904960279333	162904997607250	consumed-notification	162905136781375	162904997611125
829	27.633333	162904997764375	162905035020208	consumed-notification	162905170114916	162905035024041
830	27.666667	162905035110583	162905072433750	consumed-notification	162905203436541	162905072437833
831	27.700000	162905072544208	162905109854625	consumed-notification	162905236776708	162905109857958
832	27.733333	162905109941708	162905128534708	consumed-notification	162905270104250	162905128537541
833	27.766667	162905128619666	162905164960750	consumed-notification	162905303444416	162905164964333
834	27.800000	162905165056041	162905202230416	consumed-notification	162905336776958	162905202234708
835	27.833333	162905202322375	162905239635083	consumed-notification	162905370107916	162905239638500
836	27.866667	162905239713083	162905276090458	consumed-notification	162905403436416	162905276094166
837	27.900000	162905276183583	162905293781416	consumed-notification	162905436780916	162905293785166
838	27.933333	162905293859000	162905331197791	consumed-notification	162905470121583	162905331200500
839	27.966667	162905331292750	162905368636333	consumed-notification	162905503440041	162905368640000
840	28.000000	162905368740791	162905406067500	consumed-notification	162905536774291	162905406072375
841	28.033333	162905406234833	162905424790166	consumed-notification	162905570128166	162905424793166
842	28.066667	162905424889416	162905462271083	consumed-notification	162905603443541	162905462274916
843	28.100000	162905462361958	162905499704250	consumed-notification	162905636776041	162905499708458
844	28.133333	162905499810833	162905536541916	consumed-notification	162905670110958	162905536545583
845	28.166667	162905536672708	162905573974250	consumed-notification	162905703442291	162905573977500
846	28.200000	162905574073125	162905591725875	consumed-notification	162905736781750	162905591730041
847	28.233333	162905591829416	162905629138250	consumed-notification	162905770606041	162905629141958
848	28.266667	162905629272750	162905666581291	consumed-notification	162905803439916	162905666585166
849	28.300000	162905666717875	162905703674291	consumed-notification	162905836781791	162905703677833
850	28.333333	162905703833916	162905741128500	consumed-notification	162905870110291	162905741132458
851	28.366667	162905741215208	162905759823875	consumed-notification	162905903469791	162905759826750
852	28.400000	162905759949000	162905797292375	consumed-notification	162905936771916	162905797295208
853	28.433333	162905797416666	162905834736375	consumed-notification	162905970112583	162905834739916
854	28.466667	162905834860375	162905872202833	consumed-notification	162906003436375	162905872206875
855	28.500000	162905872393250	162905909642333	consumed-notification	162906036773916	162905909645708
856	28.533333	162905909755791	162905927546416	consumed-notification	162906070113958	162905927549666
857	28.566667	162905927614291	162905964980250	consumed-notification	162906103456208	162905964983833
858	28.600000	162905965100666	162906002439583	consumed-notification	162906136768458	162906002443541
859	28.633333	162906002552166	162906039838750	consumed-notification	162906170112666	162906039841583
860	28.666667	162906039967875	162906058560708	consumed-notification	162906203439625	162906058564000
861	28.700000	162906058644291	162906096017000	consumed-notification	162906236776625	162906096019958
862	28.733333	162906096156041	162906133455041	consumed-notification	162906270117458	162906133458958
863	28.766667	162906133551166	162906170883875	consumed-notification	162906303440958	162906170887291
864	28.800000	162906170976583	162906208351083	consumed-notification	162906336780291	162906208355291
865	28.833333	162906208518333	162906227057583	consumed-notification	162906370114833	162906227061000
866	28.866667	162906227215750	162906264519875	consumed-notification	162906403464083	162906264523166
867	28.900000	162906264753125	162906301960416	consumed-notification	162906436777083	162906301964000
868	28.933333	162906302068916	162906339384875	consumed-notification	162906470104000	162906339388625
869	28.966667	162906339496625	162906358143833	consumed-notification	162906503445625	162906358147833
870	29.000000	162906358250708	162906395598166	consumed-notification	162906536788125	162906395602083
871	29.033333	162906395678125	162906431050708	consumed-notification	162906570112375	162906431054291
872	29.066667	162906431162166	162906468520250	consumed-notification	162906603447666	162906468528541
873	29.100000	162906468669500	162906505928750	consumed-notification	162906636775166	162906505931833
874	29.133333	162906506024541	162906524680166	consumed-notification	162906670104166	162906524684000
875	29.166667	162906525471083	162906562124666	consumed-notification	162906703463041	162906562128458
876	29.200000	162906562267583	162906599556041	consumed-notification	162906736777000	162906599559583
877	29.233333	162906599706416	162906636993875	consumed-notification	162906770098833	162906636997708
878	29.266667	162906637103125	162906672427708	consumed-notification	162906803442666	162906672431291
879	29.300000	162906672534666	162906709862375	consumed-notification	162906836773000	162906709866875
880	29.333333	162906709977541	162906728579250	consumed-notification	162906870104875	162906728582625
881	29.366667	162906728667125	162906766018333	consumed-notification	162906903432000	162906766022625
882	29.400000	162906766157166	162906803482083	consumed-notification	162906936791208	162906803487333
883	29.433333	162906803634291	162906839915500	consumed-notification	162906970101666	162906839918958
884	29.466667	162906840005083	162906858635500	consumed-notification	162907003438791	162906858639291
885	29.500000	162906858748875	162906896053875	consumed-notification	162907036781625	162906896057375
886	29.533333	162906896144625	162906933501250	consumed-notification	162907070113416	162906933504916
887	29.566667	162906933584708	162906970926875	consumed-notification	162907103433333	162906970930666
888	29.600000	162906971069166	162907008368375	consumed-notification	162907136767500	162907008372458
889	29.633333	162907008499916	162907027116833	consumed-notification	162907170115708	162907027121291
890	29.666667	162907027226875	162907064533791	consumed-notification	162907203445333	162907064537416
891	29.700000	162907064625291	162907101986500	consumed-notification	162907236780208	162907101990541
892	29.733333	162907102113583	162907139395416	consumed-notification	162907270100833	162907139398791
893	29.766667	162907139478666	162907158086958	consumed-notification	162907303448541	162907158089416
894	29.800000	162907158213625	162907195529083	consumed-notification	162907336773291	162907195533291
895	29.833333	162907195652625	162907232960958	consumed-notification	162907370120375	162907232964125
896	29.866667	162907233062416	162907270393125	consumed-notification	162907403447875	162907270396541
897	29.900000	162907270470333	162907307842875	consumed-notification	162907436773375	162907307846583
898	29.933333	162907307956541	162907326555750	consumed-notification	162907470111500	162907326559166
899	29.966667	162907326655250	162907363991625	consumed-notification	162907503439625	162907363996000
900	30.000000	162907364134583	162907401428500	consumed-notification	162907536773125	162907401432041
901	30.033333	162907401526625	162907438816666	consumed-notification	162907570095791	162907438819625
902	30.066667	162907438902375	162907473806791	consumed-notification	162907603428125	162907473810083
903	30.100000	162907473909416	162907492162000	consumed-notification	162907636757833	162907492165625
904	30.133333	162907492280666	162907529563041	consumed-notification	162907670101125	162907529566791
905	30.166667	162907529641666	162907566985833	consumed-notification	162907703441875	162907566990875
906	30.200000	162907567098541	162907604407541	consumed-notification	162907736764791	162907604409791
907	30.233333	162907604502875	162907640540166	consumed-notification	162907770095500	162907640542541
908	30.266667	162907640603500	162907659249458	consumed-notification	162907803426375	162907659251125
909	30.300000	162907659299791	162907696645291	consumed-notification	162907836790791	162907696648333
910	30.333333	162907696719666	162907734111625	consumed-notification	162907870120625	162907734115416
911	30.366667	162907734193083	162907768121875	consumed-notification	162907903461666	162907768125500
912	30.400000	162907768222125	162907805509916	consumed-notification	162907936778791	162907805512000
913	30.433333	162907805598666	162907842914916	consumed-notification	162907970135083	162907842917458
914	30.466667	162907842987000	162907861635500	consumed-notification	162908003457500	162907861638166
915	30.500000	162907861714333	162907899201458	consumed-notification	162908036794291	162907899208666
916	30.533333	162907899450041	162907936671333	consumed-notification	162908070101625	162907936676958
917	30.566667	162907936810375	162907974149875	consumed-notification	162908103451458	162907974154500
918	30.600000	162907974379625	162907992842333	consumed-notification	162908136789333	162907992848000
919	30.633333	162907993053333	162908030460875	consumed-notification	162908170124875	162908030468666
920	30.666667	162908030801541	162908066890416	consumed-notification	162908203491958	162908066894875
921	30.700000	162908067155000	162908104165208	consumed-notification	162908236772333	162908104171375
922	30.733333	162908104418583	162908141793958	consumed-notification	162908270116583	162908141803833
923	30.766667	162908142080250	162908159403250	consumed-notification	162908303442125	162908159408833
924	30.800000	162908159607000	162908197004291	consumed-notification	162908336765916	162908197011916
925	30.833333	162908197311750	162908234255666	consumed-notification	162908370087500	162908234261833
926	30.866667	162908234455083	162908271712125	consumed-notification	162908403431375	162908271715708
927	30.900000	162908271850750	162908309108750	consumed-notification	162908436780375	162908309111916
928	30.933333	162908309203000	162908327817166	consumed-notification	162908470139708	162908327820541
929	30.966667	162908327900791	162908365133083	consumed-notification	162908503445750	162908365141291
930	31.000000	162908365268750	162908401153500	consumed-notification	162908536770791	162908401158375
931	31.033333	162908401320708	162908438610375	consumed-notification	162908570120125	162908438613625
932	31.066667	162908438721208	162908476036541	consumed-notification	162908603455541	162908476040333
933	31.100000	162908476158625	162908494739083	consumed-notification	162908636766875	162908494741791
934	31.133333	162908494820416	162908530398416	consumed-notification	162908670095583	162908530402208
935	31.166667	162908530508875	162908567812375	consumed-notification	162908703425083	162908567814125
936	31.200000	162908567890958	162908604047041	consumed-notification	162908736754541	162908604051833
937	31.233333	162908604209625	162908641466708	consumed-notification	162908770120958	162908641473041
938	31.266667	162908641596416	162908660191750	consumed-notification	162908803427166	162908660195333
939	31.300000	162908660285458	162908695979541	consumed-notification	162908836796416	162908695982875
940	31.333333	162908696066791	162908733336541	consumed-notification	162908870151625	162908733339083
941	31.366667	162908733434750	162908770816500	consumed-notification	162908903463666	162908770820791
942	31.400000	162908770958666	162908808203000	consumed-notification	162908937416375	162908808206291
943	31.433333	162908808274625	162908826883333	consumed-notification	162908970119000	162908826885791
944	31.466667	162908826940541	162908864314041	consumed-notification	162909003479625	162908864317458
945	31.500000	162908864398500	162908901724000	consumed-notification	162909036777333	162908901728125
946	31.533333	162908901810958	162908939152875	consumed-notification	162909070115250	162908939157291
947	31.566667	162908939244458	162908957832625	consumed-notification	162909103437916	162908957837250
948	31.600000	162908957908125	162908995351916	consumed-notification	162909136759208	162908995359500
949	31.633333	162908995829000	162909032557166	consumed-notification	162909170090583	162909032566875
950	31.666667	162909032840708	162909069006958	consumed-notification	162909203442750	162909069010958
951	31.700000	162909069129666	162909106405125	consumed-notification	162909236778375	162909106408583
952	31.733333	162909106509791	162909125092791	consumed-notification	162909270113541	162909125095541
953	31.766667	162909125178625	162909162503791	consumed-notification	162909303442541	162909162507333
954	31.800000	162909162585458	162909199935833	consumed-notification	162909336765166	162909199938625
955	31.833333	162909200027125	162909237345333	consumed-notification	162909370092291	162909237347958
956	31.866667	162909237444875	162909274820208	consumed-notification	162909403434041	162909274825625
957	31.900000	162909274954916	162909293581625	consumed-notification	162909436776416	162909293587375
958	31.933333	162909293709208	162909329247625	consumed-notification	162909470149375	162909329251875
959	31.966667	162909329331666	162909366725333	consumed-notification	162909503467750	162909366728958
960	32.000000	162909366891625	162909404124541	consumed-notification	162909536856208	162909404128166
961	32.033333	162909404239208	162909437572750	consumed-notification	162909570112500	162909437577166
962	32.066667	162909437720375	162909475055208	consumed-notification	162909603450291	162909475060250
963	32.100000	162909475261041	162909493725500	consumed-notification	162909636773708	162909493728458
964	32.133333	162909493831250	162909531137208	consumed-notification	162909670151125	162909531142708
965	32.166667	162909531246916	162909568841750	consumed-notification	162909703484708	162909568854416
966	32.200000	162909569150916	162909606128208	consumed-notification	162909736773583	162909606135416
967	32.233333	162909606410375	162909641350833	consumed-notification	162909770123250	162909641359208
968	32.266667	162909641638541	162909660139666	consumed-notification	162909803450208	162909660147125
969	32.300000	162909660651083	162909697592083	consumed-notification	162909836784208	162909697602375
970	32.333333	162909698026375	162909733879708	consumed-notification	162909870099375	162909733889625
971	32.366667	162909734255875	162909771469333	consumed-notification	162909903436291	162909771478583
972	32.400000	162909771808750	162909807486583	consumed-notification	162909936838375	162909807494958
973	32.433333	162909807817750	162909826296500	consumed-notification	162909970112791	162909826304458
974	32.466667	162909826669500	162909863008708	consumed-notification	162910003437666	162909863018458
975	32.500000	162909863931625	162909900450500	consumed-notification	162910036764375	162909900456458
976	32.533333	162909900591000	162909936330291	consumed-notification	162910070099625	162909936335625
977	32.566667	162909936473833	162909973720541	consumed-notification	162910103439458	162909973724666
978	32.600000	162909973806916	162909992444541	consumed-notification	162910136765791	162909992448125
979	32.633333	162909992551500	162910029885375	consumed-notification	162910170097708	162910029889333
980	32.666667	162910029991458	162910066143875	consumed-notification	162910203452500	162910066146750
981	32.700000	162910066247833	162910103295916	consumed-notification	162910236788416	162910103298708
982	32.733333	162910103411833	162910140706333	consumed-notification	162910270132166	162910140708833
983	32.766667	162910140799333	162910159382208	consumed-notification	162910303466125	162910159384125
984	32.800000	162910159472458	162910195433083	consumed-notification	162910336802750	162910195437291
985	32.833333	162910195560166	162910232881041	consumed-notification	162910370127083	162910232884375
986	32.866667	162910232951000	162910270324958	consumed-notification	162910403441250	162910270328000
987	32.900000	162910270450708	162910307960458	consumed-notification	162910436767375	162910307972791
988	32.933333	162910308499500	162910326715166	consumed-notification	162910470105708	162910326724000
989	32.966667	162910327018791	162910362537583	consumed-notification	162910503426708	162910362551291
990	33.000000	162910363160708	162910398687958	consumed-notification	162910536757375	162910398699625
991	33.033333	162910399110833	162910434409208	consumed-notification	162910570096125	162910434414500
992	33.066667	162910434552333	162910471804416	consumed-notification	162910603446250	162910471808791
993	33.100000	162910471978208	162910509184875	consumed-notification	162910636788375	162910509188666
994	33.133333	162910509290625	162910527888125	consumed-notification	162910670122291	162910527891000
995	33.166667	162910527979500	162910565285958	consumed-notification	162910703447333	162910565288708
996	33.200000	162910565378916	162910602749958	consumed-notification	162910736777000	162910602754416
997	33.233333	162910602853916	162910640150833	consumed-notification	162910770115333	162910640154333
998	33.266667	162910640246041	162910658859000	consumed-notification	162910803433625	162910658862125
999	33.300000	162910658932500	162910696275833	consumed-notification	162910836978583	162910696278958
1000	33.333333	162910696366208	162910733682708	consumed-notification	162910870113041	162910733687708
1001	33.366667	162910733770291	162910771108041	consumed-notification	162910903437458	162910771112708
1002	33.400000	162910771251333	162910808464625	consumed-notification	162910936842291	162910808467708
1003	33.433333	162910808579000	162910827207125	consumed-notification	162910970197208	162910827211875
1004	33.466667	162910827334666	162910863810083	consumed-notification	162911003516041	162910863826875
1005	33.500000	162910867132625	162910899375791	consumed-notification	162911036790500	162910899395250
1006	33.533333	162910899761041	162910937066666	consumed-notification	162911070173916	162910937079375
1007	33.566667	162910937879291	162910972462958	consumed-notification	162911103440500	162910972471750
1008	33.600000	162910973302500	162910991266916	consumed-notification	162911136826000	162910991275708
1009	33.633333	162910991673625	162911026972125	consumed-notification	162911170320500	162911026990375
1010	33.666667	162911027634125	162911062975208	consumed-notification	162911203492375	162911062993375
1011	33.700000	162911063345666	162911100663250	consumed-notification	162911236773291	162911100673708
1012	33.733333	162911101357500	162911137856625	consumed-notification	162911270151000	162911137866333
1013	33.766667	162911138255125	162911174111083	consumed-notification	162911303494791	162911174119333
1014	33.800000	162911174518833	162911191321875	consumed-notification	162911336870458	162911191332458
1015	33.833333	162911191999250	162911227443125	consumed-notification	162911370201833	162911227451791
1016	33.866667	162911227739625	162911262578208	consumed-notification	162911403445208	162911262586916
1017	33.900000	162911263340500	162911298486541	consumed-notification	162911436774541	162911298498375
1018	33.933333	162911300028458	162911334883958	consumed-notification	162911470110208	162911334895375
1019	33.966667	162911335409291	162911372427416	consumed-notification	162911503426208	162911372441500
1020	34.000000	162911373075916	162911407294916	consumed-notification	162911536772375	162911407305625
1021	34.033333	162911407591208	162911426110791	consumed-notification	162911570100666	162911426119250
1022	34.066667	162911426709708	162911462567916	consumed-notification	162911603427041	162911462575541
1023	34.100000	162911462745625	162911499957458	consumed-notification	162911636756541	162911499961208
1024	34.133333	162911500047291	162911537362000	consumed-notification	162911670115208	162911537365000
1025	34.166667	162911537513125	162911574791833	consumed-notification	162911703418541	162911574795166
1026	34.200000	162911574879875	162911591526041	consumed-notification	162911736759958	162911591528541
1027	34.233333	162911591622000	162911628507333	consumed-notification	162911770088250	162911628511166
1028	34.266667	162911628589083	162911665890625	consumed-notification	162911803424583	162911665893125
1029	34.300000	162911665983291	162911703297750	consumed-notification	162911836756875	162911703300625
1030	34.333333	162911703378750	162911740694333	consumed-notification	162911870080375	162911740698250
1031	34.366667	162911740776083	162911759391583	consumed-notification	162911903432541	162911759394833
1032	34.400000	162911759481125	162911796808916	consumed-notification	162911936749875	162911796812791
1033	34.433333	162911796919333	162911834204125	consumed-notification	162911970087625	162911834206500
1034	34.466667	162911834305791	162911871629250	consumed-notification	162912003418416	162911871632916
1035	34.500000	162911871724416	162911908310250	consumed-notification	162912036767833	162911908314041
1036	34.533333	162911908406375	162911927024916	consumed-notification	162912070090208	162911927028250
1037	34.566667	162911927143083	162911964438958	consumed-notification	162912103424125	162911964441458
1038	34.600000	162911964536791	162912001865875	consumed-notification	162912136762000	162912001868791
1039	34.633333	162912001963458	162912039264250	consumed-notification	162912170084000	162912039267250
1040	34.666667	162912039367458	162912076679500	consumed-notification	162912203439708	162912076682125
1041	34.700000	162912076831458	162912095403708	consumed-notification	162912236770458	162912095406083
1042	34.733333	162912095526791	162912132825958	consumed-notification	162912270093291	162912132829666
1043	34.766667	162912132890166	162912170224458	consumed-notification	162912303489958	162912170227166
1044	34.800000	162912170329041	162912207654500	consumed-notification	162912336771416	162912207656750
1045	34.833333	162912207766916	162912226370416	consumed-notification	162912370124458	162912226371708
1046	34.866667	162912226418375	162912263793333	consumed-notification	162912403525083	162912263796291
1047	34.900000	162912263865333	162912301203083	consumed-notification	162912436867666	162912301206541
1048	34.933333	162912301276041	162912338663916	consumed-notification	162912470130666	162912338668250
1049	34.966667	162912338792416	162912376110708	consumed-notification	162912503425833	162912376115750
1050	35.000000	162912376262083	162912394810291	consumed-notification	162912536805541	162912394814916
1051	35.033333	162912394941083	162912449810541	consumed-notification	162912570106291	162912449824583
1052	35.066667	162912450493333	162912468136750	consumed-notification	162912603465291	162912468143708
1053	35.100000	162912468801041	162912505628583	consumed-notification	162912636763083	162912505635875
1054	35.133333	162912505804583	162912543041083	consumed-notification	162912670105208	162912543046083
1055	35.166667	162912543217458	162912561741625	consumed-notification	162912703451041	162912561744875
1056	35.200000	162912561837166	162912598334041	consumed-notification	162912736764333	162912598337583
1057	35.233333	162912598425791	162912635968375	consumed-notification	162912770092791	162912635978333
1058	35.266667	162912636724750	162912671079541	consumed-notification	162912803456458	162912671085750
1059	35.300000	162912671224250	162912706859875	consumed-notification	162912836811791	162912706870708
1060	35.333333	162912707323041	162912741459625	consumed-notification	162912870117875	162912741465083
1061	35.366667	162912741642000	162912758787041	consumed-notification	162912903427000	162912758792833
1062	35.400000	162912758966625	162912795251250	consumed-notification	162912936773625	162912795256666
1063	35.433333	162912795455125	162912831447375	consumed-notification	162912970121166	162912831458041
1064	35.466667	162912831889333	162912867899583	consumed-notification	162913003435208	162912867906083
1065	35.500000	162912868041916	162912903325208	consumed-notification	162913036758333	162912903331625
1066	35.533333	162912903575625	162912940884083	consumed-notification	162913070080958	162912940893666
1067	35.566667	162912941170250	162912959155625	consumed-notification	162913103438083	162912959165041
1068	35.600000	162912959634041	162912995356416	consumed-notification	162913136764666	162912995368000
1069	35.633333	162912996028291	162913032670125	consumed-notification	162913170080875	162913032676666
1070	35.666667	162913034606375	162913070063958	consumed-notification	162913203427291	162913070068416
1071	35.700000	162913070205000	162913106602125	consumed-notification	162913236749250	162913106606125
1072	35.733333	162913106716000	162913142452833	consumed-notification	162913270086583	162913142455625
1073	35.766667	162913142533250	162913160414166	consumed-notification	162913303429291	162913160417291
1074	35.800000	162913160490041	162913196220125	consumed-notification	162913336755666	162913196223791
1075	35.833333	162913196377708	162913233646333	consumed-notification	162913370090916	162913233650375
1076	35.866667	162913233760083	162913271078583	consumed-notification	162913403414791	162913271082916
1077	35.900000	162913271203541	162913308495416	consumed-notification	162913436747958	162913308499500
1078	35.933333	162913308632166	162913327211500	consumed-notification	162913470102375	162913327215083
1079	35.966667	162913327293125	162913364648041	consumed-notification	162913503430375	162913364651333
1080	36.000000	162913364756791	162913402063500	consumed-notification	162913536787250	162913402067291
1081	36.033333	162913402170000	162913438446750	consumed-notification	162913570084875	162913438449541
1082	36.066667	162913438538000	162913475871750	consumed-notification	162913603447500	162913475875833
1083	36.100000	162913475957208	162913494605041	consumed-notification	162913636754166	162913494609375
1084	36.133333	162913494748041	162913530282291	consumed-notification	162913670085625	162913530285833
1085	36.166667	162913530365833	162913567678041	consumed-notification	162913703429750	162913567681250
1086	36.200000	162913567777750	162913605168375	consumed-notification	162913737369625	162913605171750
1087	36.233333	162913605271375	162913642598958	consumed-notification	162913770152083	162913642604666
1088	36.266667	162913642699250	162913661364333	consumed-notification	162913803443916	162913661368333
1089	36.300000	162913661475000	162913698720375	consumed-notification	162913836810375	162913698724333
1090	36.333333	162913698796750	162913736154541	consumed-notification	162913870156791	162913736158166
1091	36.366667	162913736263916	162913773546583	consumed-notification	162913904059875	162913773549666
1092	36.400000	162913773628041	162913792254416	consumed-notification	162913936783250	162913792257166
1093	36.433333	162913792338666	162913829654750	consumed-notification	162913970119083	162913829657208
1094	36.466667	162913829740375	162913867527000	consumed-notification	162914003503666	162913867541208
1095	36.500000	162913868246083	162913903858833	consumed-notification	162914036846416	162913903871708
1096	36.533333	162913908556291	162913939545208	consumed-notification	162914070149583	162913939556041
1097	36.566667	162913940026916	162913977040000	consumed-notification	162914103460750	162913977049083
1098	36.600000	162913977379875	162913995350833	consumed-notification	162914136761041	162913995357666
1099	36.633333	162913995949416	162914030875000	consumed-notification	162914170107750	162914030884958
1100	36.666667	162914031340708	162914067306250	consumed-notification	162914203474208	162914067316958
1101	36.700000	162914067715625	162914104917666	consumed-notification	162914236759833	162914104927583
1102	36.733333	162914105470708	162914142111625	consumed-notification	162914270108333	162914142123666
1103	36.766667	162914142580750	162914160890958	consumed-notification	162914303591708	162914160900625
1104	36.800000	162914161422166	162914198305500	consumed-notification	162914336756958	162914198317166
1105	36.833333	162914199340958	162914235780125	consumed-notification	162914370111041	162914235787208
1106	36.866667	162914236013375	162914273170708	consumed-notification	162914403412250	162914273174458
1107	36.900000	162914273305666	162914309056333	consumed-notification	162914436752291	162914309072208
1108	36.933333	162914309802875	162914327555000	consumed-notification	162914470075083	162914327565541
1109	36.966667	162914327965250	162914363951166	consumed-notification	162914503413666	162914363954791
1110	37.000000	162914364076708	162914401105291	consumed-notification	162914536744041	162914401109041
1111	37.033333	162914401205125	162914437407208	consumed-notification	162914570080916	162914437411500
1112	37.066667	162914437476958	162914474783083	consumed-notification	162914603446791	162914474786541
1113	37.100000	162914474896125	162914493492083	consumed-notification	162914636747916	162914493495208
1114	37.133333	162914493616375	162914529123708	consumed-notification	162914670084958	162914529127416
1115	37.166667	162914529196541	162914566507875	consumed-notification	162914703414833	162914566510875
1116	37.200000	162914566608166	162914603897625	consumed-notification	162914736739750	162914603900750
1117	37.233333	162914603987583	162914641361750	consumed-notification	162914770079416	162914641366291
1118	37.266667	162914641479208	162914660065875	consumed-notification	162914803416000	162914660069333
1119	37.300000	162914660173083	162914697453416	consumed-notification	162914836741458	162914697456166
1120	37.333333	162914697555583	162914734812875	consumed-notification	162914870077291	162914734814833
1121	37.366667	162914734901083	162914772215875	consumed-notification	162914903412083	162914772218458
1122	37.400000	162914772322708	162914809619625	consumed-notification	162914936738208	162914809622250
1123	37.433333	162914809727458	162914826580000	consumed-notification	162914970099875	162914826583166
1124	37.466667	162914826674250	162914863986916	consumed-notification	162915003424833	162914863990916
1125	37.500000	162914864072500	162914901452958	consumed-notification	162915036750708	162914901457458
1126	37.533333	162914901573416	162914938838250	consumed-notification	162915070094375	162914938841166
1127	37.566667	162914938933166	162914976261208	consumed-notification	162915103440166	162914976265458
1128	37.600000	162914976360416	162914994997416	consumed-notification	162915136768625	162914995001083
1129	37.633333	162914995159500	162915032454250	consumed-notification	162915170105458	162915032458375
1130	37.666667	162915032608750	162915069905916	consumed-notification	162915203431041	162915069909458
1131	37.700000	162915070047875	162915106625958	consumed-notification	162915236763041	162915106630291
1132	37.733333	162915106770333	162915125318958	consumed-notification	162915270109750	162915125321583
1133	37.766667	162915125423958	162915161839500	consumed-notification	162915303501958	162915161844000
1134	37.800000	162915162012333	162915199541916	consumed-notification	162915336766333	162915199555916
1135	37.833333	162915200443875	162915237119708	consumed-notification	162915370105625	162915237130958
1136	37.866667	162915237671666	162915271928666	consumed-notification	162915403427500	162915271939083
1137	37.900000	162915272327583	162915308974541	consumed-notification	162915436776000	162915308984833
1138	37.933333	162915309283583	162915325764583	consumed-notification	162915470100458	162915325772041
1139	37.966667	162915326044333	162915361651583	consumed-notification	162915503426833	162915361660375
1140	38.000000	162915361913916	162915395502708	consumed-notification	162915536753750	162915395509666
1141	38.033333	162915395982333	162915431913625	consumed-notification	162915570084083	162915431921416
1142	38.066667	162915432271625	162915468253000	consumed-notification	162915603421625	162915468262166
1143	38.100000	162915468616916	162915505641125	consumed-notification	162915636774791	162915505648541
1144	38.133333	162915505801208	162915542553333	consumed-notification	162915670081666	162915542558458
1145	38.166667	162915542704291	162915561244333	consumed-notification	162915703451375	162915561247208
1146	38.200000	162915561396583	162915598649458	consumed-notification	162915736783708	162915598652166
1147	38.233333	162915598738541	162915636062250	consumed-notification	162915770112750	162915636064916
1148	38.266667	162915636151541	162915671509000	consumed-notification	162915803429208	162915671512750
1149	38.300000	162915671658083	162915709307083	consumed-notification	162915836799791	162915709317791
1150	38.333333	162915710085666	162915728080541	consumed-notification	162915870121291	162915728098458
1151	38.366667	162915729416583	162915764165791	consumed-notification	162915903436541	162915764174458
1152	38.400000	162915765668458	162915801716541	consumed-notification	162915936813666	162915801726250
1153	38.433333	162915802444416	162915839199750	consumed-notification	162915970100916	162915839208250
1154	38.466667	162915839635958	162915873850791	consumed-notification	162916003454458	162915873863083
1155	38.500000	162915874577458	162915891831958	consumed-notification	162916036791208	162915891842375
1156	38.533333	162915892101833	162915944157708	consumed-notification	162916070107125	162915944168583
1157	38.566667	162915944573666	162915961936125	consumed-notification	162916103430041	162915961943083
1158	38.600000	162915962346708	162915996795375	consumed-notification	162916136775708	162915996809208
1159	38.633333	162915997455208	162916032845666	consumed-notification	162916170087458	162916032856125
1160	38.666667	162916033384541	162916070471208	consumed-notification	162916203430541	162916070482625
1161	38.700000	162916071367500	162916106623208	consumed-notification	162916236751625	162916106634000
1162	38.733333	162916107237916	162916124611375	consumed-notification	162916270196708	162916124618500
1163	38.766667	162916124960958	162916160893583	consumed-notification	162916303448208	162916160901833
1164	38.800000	162916161195250	162916195827083	consumed-notification	162916336790125	162916195835916
1165	38.833333	162916196160541	162916231670833	consumed-notification	162916370111666	162916231677750
1166	38.866667	162916231921333	162916269006333	consumed-notification	162916403438583	162916269012666
1167	38.900000	162916269256125	162916304453208	consumed-notification	162916436804666	162916304461125
1168	38.933333	162916306469416	162916340174583	consumed-notification	162916470103041	162916340187375
1169	38.966667	162916340835666	162916358071375	consumed-notification	162916503457583	162916358081625
1170	39.000000	162916358490333	162916393379375	consumed-notification	162916536770375	162916393390958
1171	39.033333	162916394014625	162916430242375	consumed-notification	162916570097625	162916430261458
1172	39.066667	162916430735250	162916465953875	consumed-notification	162916603457083	162916465968708
1173	39.100000	162916467545083	162916501299375	consumed-notification	162916636778000	162916501309416
1174	39.133333	162916501732750	162916538073333	consumed-notification	162916670133291	162916538079750
1175	39.166667	162916538268416	162916573603791	consumed-notification	162916703477875	162916573610416
1176	39.200000	162916573781375	162916592452125	consumed-notification	162916736756583	162916592464000
1177	39.233333	162916592770125	162916628725583	consumed-notification	162916770102833	162916628735416
1178	39.266667	162916630701458	162916664122291	consumed-notification	162916803429958	162916664133541
1179	39.300000	162916665376333	162916699820666	consumed-notification	162916836775875	162916699832541
1180	39.333333	162916700441250	162916736506666	consumed-notification	162916870097291	162916736514750
1181	39.366667	162916736708083	162916773908333	consumed-notification	162916903424041	162916773913166
1182	39.400000	162916774005208	162916792179791	consumed-notification	162916936774958	162916792182083
1183	39.433333	162916792263000	162916829603375	consumed-notification	162916970094291	162916829608291
1184	39.466667	162916829752000	162916867042833	consumed-notification	162917003487333	162916867046041
1185	39.500000	162916867138541	162916904457083	consumed-notification	162917036796166	162916904459500
1186	39.533333	162916904548875	162916940002083	consumed-notification	162917070084000	162916940005916
1187	39.566667	162916940091958	162916958674458	consumed-notification	162917103433541	162916958677583
1188	39.600000	162916958779666	162916996072250	consumed-notification	162917136765416	162916996082458
1189	39.633333	162916997204541	162917032859125	consumed-notification	162917170096500	162917032872666
1190	39.666667	162917033256458	162917070369916	consumed-notification	162917203428625	162917070385416
1191	39.700000	162917070815500	162917105113500	consumed-notification	162917236754208	162917105125083
1192	39.733333	162917105661833	162917142668708	consumed-notification	162917270110541	162917142684833
1193	39.766667	162917143094166	162917161356416	consumed-notification	162917303472333	162917161360583
1194	39.800000	162917161512291	162917198829500	consumed-notification	162917336745750	162917198835625
1195	39.833333	162917199009541	162917235705833	consumed-notification	162917370093500	162917235716125
1196	39.866667	162917236300375	162917272025541	consumed-notification	162917403437458	162917272036375
1197	39.900000	162917272381041	162917309204333	consumed-notification	162917436765958	162917309214583
1198	39.933333	162917309532041	162917326216875	consumed-notification	162917470075916	162917326228375
1199	39.966667	162917326635791	162917361413000	consumed-notification	162917503419500	162917361427041
1200	40.000000	162917362138541	162917397356583	consumed-notification	162917536766958	162917397369166
1201	40.033333	162917398626541	162917433457500	consumed-notification	162917570082916	162917433477083
1202	40.066667	162917433880250	162917470416166	consumed-notification	162917603407750	162917470421625
1203	40.100000	162917470561208	162917507935958	consumed-notification	162917636742791	162917507942208
1204	40.133333	162917508160166	162917526793041	consumed-notification	162917670073583	162917526803333
1205	40.166667	162917527094750	162917564214458	consumed-notification	162917703411000	162917564218916
1206	40.200000	162917564382250	162917601228125	consumed-notification	162917736749083	162917601231500
1207	40.233333	162917601318250	162917638610833	consumed-notification	162917770082625	162917638614416
1208	40.266667	162917638716166	162917675999333	consumed-notification	162917803411458	162917676002291
1209	40.300000	162917676078541	162917694711083	consumed-notification	162917836761375	162917694714833
1210	40.333333	162917694791791	162917732103125	consumed-notification	162917870074416	162917732107125
1211	40.366667	162917732196500	162917769542333	consumed-notification	162917903409333	162917769544500
1212	40.400000	162917769656083	162917806935166	consumed-notification	162917936755333	162917806937916
1213	40.433333	162917807000333	162917825654708	consumed-notification	162917970053000	162917825656541
1214	40.466667	162917825717416	162917863059708	consumed-notification	162918003400000	162917863062708
1215	40.500000	162917863144125	162917900485458	consumed-notification	162918036748583	162917900489958
1216	40.533333	162917900636083	162917937926291	consumed-notification	162918070107500	162917937931291
1217	40.566667	162917938069375	162917975308333	consumed-notification	162918103446500	162917975312708
1218	40.600000	162917975410708	162917993993875	consumed-notification	162918136824791	162917993997333
1219	40.633333	162917994045541	162918031143208	consumed-notification	162918170099291	162918031148833
1220	40.666667	162918031382916	162918068029416	consumed-notification	162918203449125	162918068040375
1221	40.700000	162918068516250	162918102955333	consumed-notification	162918236812666	162918102961458
1222	40.733333	162918103136875	162918140499791	consumed-notification	162918270129250	162918140515666
1223	40.766667	162918141603791	162918158861500	consumed-notification	162918303413666	162918158867083
1224	40.800000	162918159187750	162918194767250	consumed-notification	162918336766500	162918194776041
1225	40.833333	162918195061500	162918232330041	consumed-notification	162918370069458	162918232340750
1226	40.866667	162918232738500	162918268607375	consumed-notification	162918403425541	162918268624750
1227	40.900000	162918269650958	162918304288916	consumed-notification	162918436748416	162918304299083
1228	40.933333	162918304604666	162918341317916	consumed-notification	162918470075375	162918341324125
1229	40.966667	162918341464916	162918360009125	consumed-notification	162918503418458	162918360015625
1230	41.000000	162918360176583	162918397401250	consumed-notification	162918536755791	162918397403708
1231	41.033333	162918397498000	162918434834083	consumed-notification	162918570105708	162918434837416
1232	41.066667	162918434964333	162918472285583	consumed-notification	162918603438250	162918472289750
1233	41.100000	162918472430000	162918509747958	consumed-notification	162918636784166	162918509752750
1234	41.133333	162918509976041	162918528462875	consumed-notification	162918670158833	162918528466583
1235	41.166667	162918528597791	162918565891750	consumed-notification	162918703422125	162918565894666
1236	41.200000	162918566020125	162918603518500	consumed-notification	162918736758458	162918603528583
1237	41.233333	162918603896583	162918641201958	consumed-notification	162918770134708	162918641211916
1238	41.266667	162918641606250	162918659990250	consumed-notification	162918803433833	162918659997541
1239	41.300000	162918660440625	162918694869916	consumed-notification	162918836787375	162918694879416
1240	41.333333	162918695283750	162918729273708	consumed-notification	162918870086250	162918729284291
1241	41.366667	162918729734083	162918765813333	consumed-notification	162918903456250	162918765824083
1242	41.400000	162918768237958	162918802259750	consumed-notification	162918936757458	162918802269291
1243	41.433333	162918802703791	162918839928541	consumed-notification	162918970086916	162918839936875
1244	41.466667	162918840371708	162918874259125	consumed-notification	162919003423750	162918874268458
1245	41.500000	162918874699291	162918893061041	consumed-notification	162919036740041	162918893071375
1246	41.533333	162918893419916	162918930515416	consumed-notification	162919070109375	162918930521291
1247	41.566667	162918930711833	162918967536958	consumed-notification	162919103417375	162918967543750
1248	41.600000	162918968886833	162919004195541	consumed-notification	162919136744291	162919004203416
1249	41.633333	162919004623125	162919040020666	consumed-notification	162919170074958	162919040028416
1250	41.666667	162919040644958	162919058821541	consumed-notification	162919203426166	162919058828708
1251	41.700000	162919058984041	162919096317458	consumed-notification	162919236832208	162919096323708
1252	41.733333	162919096500541	162919132024375	consumed-notification	162919270094375	162919132031708
1253	41.766667	162919132398500	162919169482208	consumed-notification	162919303414708	162919169487000
1254	41.800000	162919169656291	162919205419833	consumed-notification	162919336746375	162919205426375
1255	41.833333	162919205600250	162919243093708	consumed-notification	162919370087625	162919243103041
1256	41.866667	162919243849166	162919261901125	consumed-notification	162919403446708	162919261913250
1257	41.900000	162919266135416	162919297856333	consumed-notification	162919436733916	162919297864541
1258	41.933333	162919298128208	162919333887375	consumed-notification	162919470072416	162919333899208
1259	41.966667	162919334325916	162919371030125	consumed-notification	162919503402208	162919371039625
1260	42.000000	162919371282000	162919406743958	consumed-notification	162919536768416	162919406754541
1261	42.033333	162919408093500	162919442403500	consumed-notification	162919570080625	162919442409708
1262	42.066667	162919442573041	162919461154041	consumed-notification	162919603419458	162919461159208
1263	42.100000	162919461279333	162919497851625	consumed-notification	162919636740666	162919497859500
1264	42.133333	162919497991125	162919535322083	consumed-notification	162919670082166	162919535326250
1265	42.166667	162919535475958	162919570980208	consumed-notification	162919703425416	162919570984000
1266	42.200000	162919571106375	162919608453250	consumed-notification	162919736850375	162919608456416
1267	42.233333	162919608588791	162919627188166	consumed-notification	162919770115000	162919627192458
1268	42.266667	162919627320791	162919664705333	consumed-notification	162919803411208	162919664712250
1269	42.300000	162919664820208	162919702084333	consumed-notification	162919836729750	162919702087958
1270	42.333333	162919702217000	162919739599416	consumed-notification	162919870088625	162919739602583
1271	42.366667	162919739693791	162919777242791	consumed-notification	162919903436416	162919777257375
1272	42.400000	162919777831416	162919795627333	consumed-notification	162919936750833	162919795632208
1273	42.433333	162919795726041	162919833043416	consumed-notification	162919970086791	162919833047875
1274	42.466667	162919833163791	162919870446875	consumed-notification	162920003472833	162919870450416
1275	42.500000	162919870565458	162919907847250	consumed-notification	162920036756416	162919907850375
1276	42.533333	162919907936041	162919925550125	consumed-notification	162920070080000	162919925552875
1277	42.566667	162919925635458	162919962992416	consumed-notification	162920103403666	162919962995041
1278	42.600000	162919963087291	162920000783375	consumed-notification	162920136729333	162920000791458
1279	42.633333	162920001238625	162920038036083	consumed-notification	162920170066583	162920038043958
1280	42.666667	162920038281375	162920075417000	consumed-notification	162920203419708	162920075422083
1281	42.700000	162920075522166	162920094119958	consumed-notification	162920236805208	162920094124708
1282	42.733333	162920094212666	162920129799125	consumed-notification	162920270065041	162920129803041
1283	42.766667	162920129877416	162920167235875	consumed-notification	162920303479041	162920167239541
1284	42.800000	162920167356083	162920204648791	consumed-notification	162920336784458	162920204652416
1285	42.833333	162920204731416	162920242050458	consumed-notification	162920370364750	162920242053833
1286	42.866667	162920242200125	162920260764375	consumed-notification	162920403411583	162920260767708
1287	42.900000	162920260883000	162920296411583	consumed-notification	162920436768208	162920296414458
1288	42.933333	162920296571541	162920333841333	consumed-notification	162920464928458	162920333845541
1289	42.966667	162920333987875	162920370387291	consumed-notification	162920498331916	162920370401166
1290	43.000000	162920371602750	162920407794250	consumed-notification	162920531592333	162920407817041
1291	43.033333	162920408467875	162920444373208	consumed-notification	162920564953000	162920444384500
1292	43.066667	162920444766708	162920462425125	consumed-notification	162920598231541	162920462432500
1293	43.100000	162920463113458	162920499284416	consumed-notification	162920631560541	162920499293708
1294	43.133333	162920499955666	162920535357916	consumed-notification	162920664871416	162920535365708
1295	43.166667	162920535557666	162920572793458	consumed-notification	162920698229583	162920572798791
1296	43.200000	162920573046000	162920591542041	consumed-notification	162920731538583	162920591549291
1297	43.233333	162920591729500	162920627483916	consumed-notification	162920764868958	162920627488708
1298	43.266667	162920627587708	162920664917625	consumed-notification	162920798207000	162920664922833
1299	43.300000	162920665030958	162920702343791	consumed-notification	162920831557000	162920702348250
1300	43.333333	162920702463666	162920739771791	consumed-notification	162920864880458	162920739775958
1301	43.366667	162920739899125	162920758512375	consumed-notification	162920898202625	162920758516291
1302	43.400000	162920758642791	162920795934958	consumed-notification	162920931532208	162920795938208
1303	43.433333	162920796036166	162920833341041	consumed-notification	162920964876083	162920833343458
1304	43.466667	162920833433666	162920870752625	consumed-notification	162920998211666	162920870755541
1305	43.500000	162920870904208	162920908267708	consumed-notification	162921031536625	162920908275541
1306	43.533333	162920908421750	162920926939625	consumed-notification	162921064867833	162920926944625
1307	43.566667	162920927043333	162920964308458	consumed-notification	162921098201708	162920964311333
1308	43.600000	162920964369041	162921001754291	consumed-notification	162921131545958	162921001758000
1309	43.633333	162921001834500	162921038148625	consumed-notification	162921164911375	162921038152125
1310	43.666667	162921038242750	162921075543833	consumed-notification	162921198208166	162921075547166
1311	43.700000	162921075631541	162921092738291	consumed-notification	162921231543833	162921092741916
1312	43.733333	162921092832916	162921130161750	consumed-notification	162921264994041	162921130164666
1313	43.766667	162921130302541	162921167687750	consumed-notification	162921298290333	162921167694083
1314	43.800000	162921167895750	162921204797875	consumed-notification	162921331577625	162921204808000
1315	43.833333	162921205299500	162921239682916	consumed-notification	162921364900750	162921239689250
1316	43.866667	162921240023375	162921258417625	consumed-notification	162921398212875	162921258423500
1317	43.900000	162921258600041	162921294307666	consumed-notification	162921431571500	162921294317458
1318	43.933333	162921295279791	162921328857458	consumed-notification	162921464988916	162921328866500
1319	43.966667	162921333451750	162921364423750	consumed-notification	162921498312541	162921364433958
1320	44.000000	162921366590958	162921402015625	consumed-notification	162921531587750	162921402027375
1321	44.033333	162921402563833	162921437772791	consumed-notification	162921564904500	162921437784083
1322	44.066667	162921438147416	162921473139250	consumed-notification	162921598260166	162921473150083
1323	44.100000	162921474585333	162921508280125	consumed-notification	162921631619875	162921508289541
1324	44.133333	162921508558791	162921527035583	consumed-notification	162921664902083	162921527042166
1325	44.166667	162921527274166	162921562628208	consumed-notification	162921698213958	162921562633125
1326	44.200000	162921562732500	162921598340083	consumed-notification	162921731545291	162921598347958
1327	44.233333	162921598576416	162921634749541	consumed-notification	162921764881875	162921634758083
1328	44.266667	162921634975416	162921671031958	consumed-notification	162921798260041	162921671038666
1329	44.300000	162921671324333	162921708499666	consumed-notification	162921831741708	162921708505375
1330	44.333333	162921708676916	162921727224916	consumed-notification	162921864905541	162921727230125
1331	44.366667	162921727449833	162921762883291	consumed-notification	162921898256208	162921762889833
1332	44.400000	162921763859083	162921797364750	consumed-notification	162921931537125	162921797373625
1333	44.433333	162921797656541	162921834967125	consumed-notification	162921964872791	162921834976208
1334	44.466667	162921835263416	162921872512041	consumed-notification	162921998183000	162921872520500
1335	44.500000	162921872846916	162921907696208	consumed-notification	162922031550291	162921907702125
1336	44.533333	162921907842375	162921926398958	consumed-notification	162922064905416	162921926404416
1337	44.566667	162921926573333	162921962493958	consumed-notification	162922098210166	162921962499125
1338	44.600000	162921962662250	162921997873916	consumed-notification	162922131570000	162921997876625
1339	44.633333	162921997967458	162922035302083	consumed-notification	162922164944291	162922035305791
1340	44.666667	162922035438958	162922072752333	consumed-notification	162922198249083	162922072756041
1341	44.700000	162922072957291	162922091496750	consumed-notification	162922231589791	162922091500791
1342	44.733333	162922091694958	162922129080125	consumed-notification	162922265030708	162922129091416
1343	44.766667	162922129938625	162922165042208	consumed-notification	162922298234000	162922165049125
1344	44.800000	162922166098041	162922200753208	consumed-notification	162922331567666	162922200763625
1345	44.833333	162922201391375	162922237485458	consumed-notification	162922364918500	162922237496791
1346	44.866667	162922238119625	162922273523333	consumed-notification	162922398260208	162922273534416
1347	44.900000	162922275930708	162922292241791	consumed-notification	162922431596666	162922292250041
1348	44.933333	162922292950500	162922329652750	consumed-notification	162922464912583	162922329660000
1349	44.966667	162922329794583	162922367269250	consumed-notification	162922498301583	162922367282500
1350	45.000000	162922370476791	162922402987375	consumed-notification	162922531650750	162922402999541
1351	45.033333	162922405475083	162922440050166	consumed-notification	162922564984166	162922440061458
1352	45.066667	162922440798958	162922458799708	consumed-notification	162922598257708	162922458808791
1353	45.100000	162922459215250	162922496244458	consumed-notification	162922631648875	162922496252208
1354	45.133333	162922496718541	162922532167208	consumed-notification	162922664933208	162922532184500
1355	45.166667	162922532921166	162922568081708	consumed-notification	162922698320541	162922568092041
1356	45.200000	162922568572666	162922605735541	consumed-notification	162922731617458	162922605751000
1357	45.233333	162922606252916	162922641400416	consumed-notification	162922764991666	162922641415583
1358	45.266667	162922642274250	162922659707541	consumed-notification	162922798334833	162922659714166
1359	45.300000	162922662246000	162922695614708	consumed-notification	162922831623166	162922695624375
1360	45.333333	162922696491291	162922730913416	consumed-notification	162922864944541	162922730923750
1361	45.366667	162922731362000	162922767259916	consumed-notification	162922898226583	162922767270250
1362	45.400000	162922767791666	162922804600208	consumed-notification	162922931587291	162922804611666
1363	45.433333	162922805341791	162922839867750	consumed-notification	162922964881166	162922839879416
1364	45.466667	162922840316333	162922858690791	consumed-notification	162922998245416	162922858698208
1365	45.500000	162922859314000	162922895394333	consumed-notification	162923031542208	162922895401416
1366	45.533333	162922895563125	162922932810083	consumed-notification	162923064913166	162922932814791
1367	45.566667	162922932914583	162922970224625	consumed-notification	162923098221083	162922970228458
1368	45.600000	162922970318958	162923007682875	consumed-notification	162923131571250	162923007687083
1369	45.633333	162923007814625	162923026356750	consumed-notification	162923164896166	162923026359541
1370	45.666667	162923026450083	162923063760166	consumed-notification	162923198240833	162923063763625
1371	45.700000	162923063897500	162923101176958	consumed-notification	162923231680583	162923101180541
1372	45.733333	162923101361833	162923138628333	consumed-notification	162923264893791	162923138633666
1373	45.766667	162923138786041	162923176048625	consumed-notification	162923298214791	162923176053541
1374	45.800000	162923176207750	162923194739666	consumed-notification	162923331526625	162923194742083
1375	45.833333	162923194832958	162923230676666	consumed-notification	162923364854500	162923230688833
1376	45.866667	162923231187250	162923266857500	consumed-notification	162923398198666	162923266863041
1377	45.900000	162923267052166	162923303798750	consumed-notification	162923431538750	162923303802833
1378	45.933333	162923303907708	162923341170333	consumed-notification	162923464893083	162923341173000
1379	45.966667	162923341270791	162923360150958	consumed-notification	162923498212875	162923360154000
1380	46.000000	162923359918458	162923360177625	consumed-notification	162923531566000	162923360178833
1381	46.033333	162923360246250	162923434707708	consumed-notification	162923564937000	162923434711583
1382	46.066667	162923434812916	162923472142666	consumed-notification	162923598267166	162923472145500
1383	46.100000	162923472229500	162923509528750	consumed-notification	162923631689166	162923509532375
1384	46.133333	162923509595875	162923528275250	consumed-notification	162923664888333	162923528281041
1385	46.166667	162923528427875	162923565213208	consumed-notification	162923698255125	162923565216000
1386	46.200000	162923565307958	162923602622916	consumed-notification	162923731570166	162923602625541
1387	46.233333	162923602713625	162923640454041	consumed-notification	162923764872916	162923640464250
1388	46.266667	162923641186458	162923677693166	consumed-notification	162923798235541	162923677705333
1389	46.300000	162923678150916	162923695001000	consumed-notification	162923831541791	162923695010416
1390	46.333333	162923695926291	162923732472791	consumed-notification	162923864886666	162923732478458
1391	46.366667	162923732591750	162923767943875	consumed-notification	162923898212166	162923767947791
1392	46.400000	162923768038166	162923805351291	consumed-notification	162923931568166	162923805355125
1393	46.433333	162923805434958	162923842803875	consumed-notification	162923964910500	162923842806958
1394	46.466667	162923842878250	162923861519000	consumed-notification	162923998235125	162923861521791
1395	46.500000	162923861591666	162923898932666	consumed-notification	162924031531041	162923898936500
1396	46.533333	162923899009708	162923936367291	consumed-notification	162924065004041	162923936371416
1397	46.566667	162923936450041	162923973737458	consumed-notification	162924098280791	162923973739458
1398	46.600000	162923973809416	162923992455708	consumed-notification	162924131594125	162923992459833
1399	46.633333	162923992808375	162924029822666	consumed-notification	162924164974291	162924029825375
1400	46.666667	162924029880458	162924067614541	consumed-notification	162924198733875	162924067633333
1401	46.700000	162924068332416	162924103276708	consumed-notification	162924231575000	162924103288791
1402	46.733333	162924104242375	162924140232958	consumed-notification	162924265640500	162924140245041
1403	46.766667	162924140942791	162924174868208	consumed-notification	162924298261791	162924174879250
1404	46.800000	162924175221875	162924192345916	consumed-notification	162924331622291	162924192353125
1405	46.833333	162924192722208	162924227673416	consumed-notification	162924364947958	162924227678625
1406	46.866667	162924227827875	162924263616833	consumed-notification	162924398289416	162924263631833
1407	46.900000	162924264225833	162924301177041	consumed-notification	162924431611333	162924301188125
1408	46.933333	162924304429416	162924336687791	consumed-notification	162924464917041	162924336698291
1409	46.966667	162924337098666	162924373133708	consumed-notification	162924498227208	162924373145625
1410	47.000000	162924373787458	162924408898083	consumed-notification	162924531579833	162924408908291
1411	47.033333	162924409229791	162924427745958	consumed-notification	162924564889625	162924427755041
1412	47.066667	162924428289250	162924464698583	consumed-notification	162924598205250	162924464711125
1413	47.100000	162924466767166	162924500346666	consumed-notification	162924631532333	162924500351500
1414	47.133333	162924500458333	162924536303583	consumed-notification	162924664872791	162924536306833
1415	47.166667	162924536399666	162924573793791	consumed-notification	162924698229791	162924573798041
1416	47.200000	162924573891791	162924609032750	consumed-notification	162924731582125	162924609036333
1417	47.233333	162924609127708	162924626544500	consumed-notification	162924764944791	162924626547333
1418	47.266667	162924626645833	162924660947166	consumed-notification	162924798256291	162924660951416
1419	47.300000	162924661038875	162924697098500	consumed-notification	162924831587083	162924697105041
1420	47.333333	162924697640750	162924734286208	consumed-notification	162924865406583	162924734293041
1421	47.366667	162924734610125	162924771906541	consumed-notification	162924898217375	162924771918166
1422	47.400000	162924773022416	162924809538375	consumed-notification	162924931553083	162924809549125
1423	47.433333	162924809875500	162924827553666	consumed-notification	162924964912833	162924827560916
1424	47.466667	162924827718458	162924865036083	consumed-notification	162924998301208	162924865044541
1425	47.500000	162924865403375	162924899694208	consumed-notification	162925031606083	162924899700500
1426	47.533333	162924899865833	162924934527541	consumed-notification	162925064919708	162924934533250
1427	47.566667	162924934691583	162924970870375	consumed-notification	162925098326583	162924970876875
1428	47.600000	162924971467708	162925007659166	consumed-notification	162925131579375	162925007669000
1429	47.633333	162925008137041	162925026426833	consumed-notification	162925164891541	162925026435000
1430	47.666667	162925034212875	162925064016250	consumed-notification	162925198202333	162925064026708
1431	47.700000	162925064461291	162925101066583	consumed-notification	162925231564583	162925101074250
1432	47.733333	162925101292208	162925136794541	consumed-notification	162925264885583	162925136799583
1433	47.766667	162925136966500	162925174208625	consumed-notification	162925298202083	162925174212333
1434	47.800000	162925174329375	162925191218791	consumed-notification	162925331529208	162925191222291
1435	47.833333	162925191346500	162925225573833	consumed-notification	162925364876583	162925225577541
1436	47.866667	162925225680583	162925261208625	consumed-notification	162925398259208	162925261212125
1437	47.900000	162925261296375	162925297311500	consumed-notification	162925431557291	162925297314583
1438	47.933333	162925297424791	162925334728541	consumed-notification	162925464878791	162925334731833
1439	47.966667	162925334809041	162925369886500	consumed-notification	162925498196916	162925369890625
1440	48.000000	162925370066833	162925407273958	consumed-notification	162925531531916	162925407277208
1441	48.033333	162925407374333	162925425967791	consumed-notification	162925564865875	162925425970500
1442	48.066667	162925426030208	162925463396791	consumed-notification	162925598235875	162925463401416
1443	48.100000	162925463514375	162925500759958	consumed-notification	162925631553875	162925500762833
1444	48.133333	162925500842625	162925538150375	consumed-notification	162925664897666	162925538153416
1445	48.166667	162925538225166	162925575544041	consumed-notification	162925698263000	162925575547041
1446	48.200000	162925575598458	162925594257666	consumed-notification	162925731525666	162925594260000
1447	48.233333	162925594323375	162925631681708	consumed-notification	162925764899333	162925631684583
1448	48.266667	162925631782333	162925669292916	consumed-notification	162925798226541	162925669299250
1449	48.300000	162925673041291	162925703517125	consumed-notification	162925831524166	162925703523750
1450	48.333333	162925703982625	162925737918250	consumed-notification	162925864875375	162925737922625
1451	48.366667	162925737992750	162925775335041	consumed-notification	162925898197875	162925775338625
1452	48.400000	162925775420541	162925794024541	consumed-notification	162925931558583	162925794027708
1453	48.433333	162925794154166	162925831338791	consumed-notification	162925964874250	162925831341041
1454	48.466667	162925831408083	162925868878458	consumed-notification	162925998203791	162925868884291
1455	48.500000	162925869104000	162925904516125	consumed-notification	162926031521083	162925904520000
1456	48.533333	162925904608458	162925941906041	consumed-notification	162926064872041	162925941909791
1457	48.566667	162925941966625	162925960613708	consumed-notification	162926098219500	162925960616666
1458	48.600000	162925960734500	162925998018333	consumed-notification	162926131541125	162925998021958
1459	48.633333	162925998093041	162926035347083	consumed-notification	162926164875166	162926035348875
1460	48.666667	162926035409666	162926072750000	consumed-notification	162926198209500	162926072752333
1461	48.700000	162926072836750	162926091466750	consumed-notification	162926231554833	162926091468666
1462	48.733333	162926091522125	162926128902208	consumed-notification	162926264894833	162926128905666
1463	48.766667	162926129013041	162926165627416	consumed-notification	162926298197916	162926165632208
1464	48.800000	162926165723458	162926203022000	consumed-notification	162926331526000	162926203025000
1465	48.833333	162926203132458	162926240417291	consumed-notification	162926364886416	162926240420125
1466	48.866667	162926240499291	162926259203166	consumed-notification	162926398220333	162926259207958
1467	48.900000	162926259404541	162926295609000	consumed-notification	162926431567541	162926295613083
1468	48.933333	162926295693625	162926333034458	consumed-notification	162926464870375	162926333042166
1469	48.966667	162926333104958	162926369306583	consumed-notification	162926498338375	162926369310500
1470	49.000000	162926369398000	162926406690250	consumed-notification	162926531555541	162926406694500
1471	49.033333	162926406814000	162926425409583	consumed-notification	162926564907041	162926425413208
1472	49.066667	162926425517000	162926462843958	consumed-notification	162926598237333	162926462846583
1473	49.100000	162926463021583	162926498997291	consumed-notification	162926631597291	162926499007791
1474	49.133333	162926499686750	162926536452791	consumed-notification	162926664902875	162926536457875
1475	49.166667	162926536655875	162926573883125	consumed-notification	162926698251083	162926573887958
1476	49.200000	162926574011500	162926592669041	consumed-notification	162926731665208	162926592673791
1477	49.233333	162926592821708	162926629289833	consumed-notification	162926764958291	162926629300375
1478	49.266667	162926629802708	162926665007875	consumed-notification	162926798241333	162926665013666
1479	49.300000	162926665203375	162926702571041	consumed-notification	162926831577958	162926702577791
1480	49.333333	162926703110041	162926740077541	consumed-notification	162926864913791	162926740085208
1481	49.366667	162926740678666	162926758944625	consumed-notification	162926898240500	162926758951750
1482	49.400000	162926759411250	162926794593041	consumed-notification	162926931569625	162926794599208
1483	49.433333	162926794758000	162926832015083	consumed-notification	162926964921125	162926832019625
1484	49.466667	162926832141750	162926869431041	consumed-notification	162926998232708	162926869435500
1485	49.500000	162926869531875	162926906803875	consumed-notification	162927031609666	162926906807166
1486	49.533333	162926906900625	162926925514958	consumed-notification	162927064904166	162926925517541
1487	49.566667	162926925597958	162926962922500	consumed-notification	162927098294583	162926962924583
1488	49.600000	162926962994416	162927000352750	consumed-notification	162927131628375	162927000355875
1489	49.633333	162927000462666	162927037783958	consumed-notification	162927164989208	162927037787458
1490	49.666667	162927037873666	162927075436125	consumed-notification	162927198298041	162927075448958
1491	49.700000	162927075768833	162927094020791	consumed-notification	162927231590750	162927094028375
1492	49.733333	162927094966208	162927130869500	consumed-notification	162927264938625	162927130876666
1493	49.766667	162927131718583	162927168449333	consumed-notification	162927298245625	162927168459666
1494	49.800000	162927168761458	162927203100916	consumed-notification	162927331619333	162927203109750
1495	49.833333	162927203488625	162927237738666	consumed-notification	162927364945500	162927237747208
1496	49.866667	162927237959416	162927272750791	consumed-notification	162927398271458	162927272756625
1497	49.900000	162927273053166	162927291546291	consumed-notification	162927431752125	162927291553083
1498	49.933333	162927291839583	162927327571333	consumed-notification	162927464912125	162927327579125
1499	49.966667	162927328420958	162927365043958	consumed-notification	162927498263291	162927365049166
1500	50.000000	162927365236166	162927402004708	consumed-notification	162927531567166	162927402010625
1501	50.033333	162927402146250	162927439433125	consumed-notification	162927564950416	162927439438333
1502	50.066667	162927439567958	162927475248250	consumed-notification	162927598257166	162927475252000
1503	50.100000	162927475369000	162927493957416	consumed-notification	162927631552166	162927493960666
1504	50.133333	162927494061291	162927529823500	consumed-notification	162927664906041	162927529827125
1505	50.166667	162927530011041	162927565691041	consumed-notification	162927698238333	162927565697125
1506	50.200000	162927565887083	162927603119125	consumed-notification	162927731586333	162927603122625
1507	50.233333	162927603285125	162927639521833	consumed-notification	162927764900958	162927639525666
1508	50.266667	162927639675500	162927658212458	consumed-notification	162927798281083	162927658216208
1509	50.300000	162927658288666	162927692425208	consumed-notification	162927831648083	162927692429375
1510	50.333333	162927692588333	162927726372291	consumed-notification	162927864952125	162927726377125
1511	50.366667	162927726505833	162927761995291	consumed-notification	162927898271875	162927762000666
1512	50.400000	162927762164666	162927798656000	consumed-notification	162927931608750	162927798661708
1513	50.433333	162927798829416	162927834809500	consumed-notification	162927964917250	162927834819541
1514	50.466667	162927835936791	162927872396541	consumed-notification	162927998252541	162927872405791
1515	50.500000	162927872698625	162927909338250	consumed-notification	162928031607666	162927909346125
1516	50.533333	162927909603750	162927927585291	consumed-notification	162928064926250	162927927592625
1517	50.566667	162927927822041	162927963543250	consumed-notification	162928098263958	162927963549291
1518	50.600000	162927963730791	162928000440291	consumed-notification	162928131601333	162928000445875
1519	50.633333	162928000625958	162928036083791	consumed-notification	162928164928750	162928036089750
1520	50.666667	162928036264416	162928073211291	consumed-notification	162928198261000	162928073218041
1521	50.700000	162928073419041	162928091996458	consumed-notification	162928231655291	162928092003833
1522	50.733333	162928092283583	162928129169166	consumed-notification	162928264935666	162928129178125
1523	50.766667	162928129540583	162928166106958	consumed-notification	162928298258333	162928166113833
1524	50.800000	162928166314083	162928200975500	consumed-notification	162928331620000	162928200986791
1525	50.833333	162928201330208	162928238519458	consumed-notification	162928365093041	162928238528958
1526	50.866667	162928238974375	162928275041041	consumed-notification	162928398274833	162928275047208
1527	50.900000	162928275142250	162928293814791	consumed-notification	162928431615375	162928293821083
1528	50.933333	162928294026208	162928329587083	consumed-notification	162928464922125	162928329595250
1529	50.966667	162928329821833	162928365050875	consumed-notification	162928499296333	162928365058166
1530	51.000000	162928365504916	162928401343958	consumed-notification	162928531580208	162928401350791
1531	51.033333	162928401602625	162928437583625	consumed-notification	162928564905875	162928437588833
1532	51.066667	162928437772291	162928474050333	consumed-notification	162928598233291	162928474056583
1533	51.100000	162928474196833	162928492751250	consumed-notification	162928631587500	162928492756125
1534	51.133333	162928492849708	162928530198250	consumed-notification	162928664904791	162928530202625
1535	51.166667	162928530355833	162928567590083	consumed-notification	162928698267916	162928567593166
1536	51.200000	162928567697083	162928605022041	consumed-notification	162928731637208	162928605024791
1537	51.233333	162928605128916	162928642462958	consumed-notification	162928764919333	162928642468541
1538	51.266667	162928642645500	162928661212541	consumed-notification	162928798250708	162928661219000
1539	51.300000	162928661405000	162928698786750	consumed-notification	162928831594875	162928698796041
1540	51.333333	162928699185541	162928734452208	consumed-notification	162928864963250	162928734464958
1541	51.366667	162928734846708	162928770154208	consumed-notification	162928898477791	162928770159916
1542	51.400000	162928770362250	162928806903291	consumed-notification	162928931651000	162928806914291
1543	51.433333	162928807139000	162928825486625	consumed-notification	162928964991750	162928825494333
1544	51.466667	162928825764125	162928861799000	consumed-notification	162928998283958	162928861807500
1545	51.500000	162928862135125	162928898594000	consumed-notification	162929031579291	162928898606541
1546	51.533333	162928899433500	162928934612041	consumed-notification	162929064921375	162928934623333
1547	51.566667	162928935054166	162928971088958	consumed-notification	162929098239708	162928971100958
1548	51.600000	162928971646958	162929008567083	consumed-notification	162929131561500	162929008576041
1549	51.633333	162929008737750	162929027294416	consumed-notification	162929164896500	162929027301291
1550	51.666667	162929027462291	162929064750208	consumed-notification	162929198230625	162929064755625
1551	51.700000	162929064856833	162929101824375	consumed-notification	162929231592083	162929101827791
1552	51.733333	162929101896583	162929139281875	consumed-notification	162929264901000	162929139285291
1553	51.766667	162929139364041	162929157971083	consumed-notification	162929298234125	162929157974375
1554	51.800000	162929158049791	162929195449458	consumed-notification	162929331568833	162929195454833
1555	51.833333	162929195555833	162929232865375	consumed-notification	162929364897791	162929232868833
1556	51.866667	162929232991333	162929270322416	consumed-notification	162929398225083	162929270327208
1557	51.900000	162929270453791	162929306640416	consumed-notification	162929431591333	162929306644666
1558	51.933333	162929306756166	162929325341875	consumed-notification	162929464954833	162929325344125
1559	51.966667	162929325404333	162929360775750	consumed-notification	162929498240000	162929360778833
1560	52.000000	162929360890791	162929398197583	consumed-notification	162929531609458	162929398199875
1561	52.033333	162929398290833	162929435097958	consumed-notification	162929564914250	162929435099916
1562	52.066667	162929435204291	162929472564791	consumed-notification	162929598266500	162929472568375
1563	52.100000	162929472727416	162929491250958	consumed-notification	162929631568000	162929491253375
1564	52.133333	162929491358500	162929528494875	consumed-notification	162929664929958	162929528498875
1565	52.166667	162929528732125	162929563153541	consumed-notification	162929698236416	162929563159750
1566	52.200000	162929563333083	162929599875458	consumed-notification	162929731565958	162929599884541
1567	52.233333	162929600061625	162929637273291	consumed-notification	162929764920000	162929637277500
1568	52.266667	162929637364791	162929673314583	consumed-notification	162929798228208	162929673318458
1569	52.300000	162929673415333	162929692042166	consumed-notification	162929831574708	162929692046291
1570	52.333333	162929692212750	162929729513500	consumed-notification	162929864907541	162929729517333
1571	52.366667	162929729625125	162929767016166	consumed-notification	162929898227583	162929767020791
1572	52.400000	162929767130250	162929803913791	consumed-notification	162929931551416	162929803917166
1573	52.433333	162929804023583	162929839376958	consumed-notification	162929964908250	162929839380291
1574	52.466667	162929839458041	162929858116791	consumed-notification	162929998238208	162929858120500
1575	52.500000	162929858214458	162929895502333	consumed-notification	162930031587333	162929895505083
1576	52.533333	162929895601250	162929932890458	consumed-notification	162930064910166	162929932893041
1577	52.566667	162929932959583	162929968574458	consumed-notification	162930098298083	162929968576166
1578	52.600000	162929968629625	162930006010083	consumed-notification	162930131711750	162930006014625
1579	52.633333	162930006116083	162930024722333	consumed-notification	162930164931458	162930024726375
1580	52.666667	162930024784000	162930062104875	consumed-notification	162930198328083	162930062108083
1581	52.700000	162930062191458	162930099556916	consumed-notification	162930231709958	162930099560916
1582	52.733333	162930099661208	162930137190125	consumed-notification	162930264985416	162930137197750
1583	52.766667	162930137583750	162930174794541	consumed-notification	162930298273708	162930174806000
1584	52.800000	162930175950708	162930192797500	consumed-notification	162930331659166	162930192804833
1585	52.833333	162930198910291	162930229739208	consumed-notification	162930364955250	162930229748833
1586	52.866667	162930230192541	162930267325166	consumed-notification	162930398279083	162930267333958
1587	52.900000	162930267766250	162930304303416	consumed-notification	162930431666750	162930304313791
1588	52.933333	162930305054083	162930341681500	consumed-notification	162930465253541	162930341691500
1589	52.966667	162930342086375	162930360201416	consumed-notification	162930498312750	162930360210708
1590	53.000000	162930360637375	162930394415250	consumed-notification	162930531605916	162930394423458
1591	53.033333	162930395054166	162930428648666	consumed-notification	162930564890708	162930428659916
1592	53.066667	162930429370125	162930465210083	consumed-notification	162930598299375	162930465226375
1593	53.100000	162930466363625	162930502753166	consumed-notification	162930631638958	162930502766041
1594	53.133333	162930503419416	162930539067958	consumed-notification	162930664993291	162930539075416
1595	53.166667	162930539290375	162930576536583	consumed-notification	162930698323625	162930576544458
1596	53.200000	162930576750541	162930594351458	consumed-notification	162930731628083	162930594356041
1597	53.233333	162930594479583	162930632029375	consumed-notification	162930764991375	162930632036083
1598	53.266667	162930632393458	162930667706666	consumed-notification	162930798284708	162930667716916
1599	53.300000	162930668200875	162930703912333	consumed-notification	162930831648000	162930703924041
1600	53.333333	162930704398041	162930741531000	consumed-notification	162930864923166	162930741540916
1601	53.366667	162930741932291	162930760357500	consumed-notification	162930898235958	162930760364291
1602	53.400000	162930760929875	162930796492625	consumed-notification	162930931587083	162930796501666
1603	53.433333	162930796913083	162930832767916	consumed-notification	162930964899666	162930832777958
1604	53.466667	162930833241208	162930869809916	consumed-notification	162930998378916	162930869816958
1605	53.500000	162930870040833	162930907079708	consumed-notification	162931031659958	162930907085958
1606	53.533333	162930907190041	162930925780666	consumed-notification	162931064986583	162930925783500
1607	53.566667	162930925907708	162930962276125	consumed-notification	162931098303083	162930962280541
1608	53.600000	162930962453291	162930999947791	consumed-notification	162931131621125	162930999958541
1609	53.633333	162931001368208	162931036483166	consumed-notification	162931164935791	162931036495166
1610	53.666667	162931038968833	162931072176375	consumed-notification	162931198276916	162931072193708
1611	53.700000	162931072810625	162931090891458	consumed-notification	162931231684333	162931090897541
1612	53.733333	162931091215750	162931126756708	consumed-notification	162931264996083	162931126772166
1613	53.766667	162931127583583	162931163013458	consumed-notification	162931298313083	162931163025000
1614	53.800000	162931163550458	162931200583458	consumed-notification	162931331646250	162931200593708
1615	53.833333	162931200904750	162931237349791	consumed-notification	162931364937000	162931237360791
1616	53.866667	162931238621916	162931271684958	consumed-notification	162931398278083	162931271697000
1617	53.900000	162931275332041	162931305987833	consumed-notification	162931431577041	162931305995958
1618	53.933333	162931307907208	162931324797708	consumed-notification	162931464907333	162931324808000
1619	53.966667	162931325159958	162931360537750	consumed-notification	162931498250500	162931360547250
1620	54.000000	162931360963625	162931396344291	consumed-notification	162931531586708	162931396353375
1621	54.033333	162931397060958	162931433271666	consumed-notification	162931564916041	162931433278375
1622	54.066667	162931433574000	162931467465916	consumed-notification	162931598272208	162931467471375
1623	54.100000	162931467835208	162931502514083	consumed-notification	162931631618041	162931502522708
1624	54.133333	162931502675083	162931538328666	consumed-notification	162931664944458	162931538334500
1625	54.166667	162931538529458	162931573440416	consumed-notification	162931698318958	162931573445708
1626	54.200000	162931573692791	162931592224458	consumed-notification	162931731629708	162931592229916
1627	54.233333	162931592857541	162931627709625	consumed-notification	162931764943166	162931627720208
1628	54.266667	162931628061916	162931664209041	consumed-notification	162931798245291	162931664223750
1629	54.300000	162931664968666	162931700691833	consumed-notification	162931831578458	162931700702166
1630	54.333333	162931701150833	162931736424166	consumed-notification	162931865038000	162931736432833
1631	54.366667	162931736631958	162931773815791	consumed-notification	162931898243625	162931773821458
1632	54.400000	162931774035916	162931810797250	consumed-notification	162931931592458	162931810801541
1633	54.433333	162931810921583	162931827765583	consumed-notification	162931964937875	162931827769666
1634	54.466667	162931827878666	162931865472291	consumed-notification	162931998271458	162931865486875
1635	54.500000	162931866201708	162931902296791	consumed-notification	162932031625250	162931902306625
1636	54.533333	162931902722750	162931938242583	consumed-notification	162932065087333	162931938249583
1637	54.566667	162931938417166	162931975878458	consumed-notification	162932098241458	162931975887500
1638	54.600000	162931976305416	162931994321416	consumed-notification	162932131584958	162931994330166
1639	54.633333	162931996449541	162932029306500	consumed-notification	162932164911833	162932029316375
1640	54.666667	162932030025041	162932064583833	consumed-notification	162932198245916	162932064591458
1641	54.700000	162932065871666	162932100773833	consumed-notification	162932231560916	162932100781833
1642	54.733333	162932100930041	162932138187416	consumed-notification	162932264916166	162932138192250
1643	54.766667	162932138379708	162932175578125	consumed-notification	162932298366833	162932175582541
1644	54.800000	162932175684166	162932194268958	consumed-notification	162932331633208	162932194272041
1645	54.833333	162932194352166	162932231648083	consumed-notification	162932364933041	162932231650666
1646	54.866667	162932231739291	162932267491541	consumed-notification	162932398240208	162932267496208
1647	54.900000	162932267594583	162932305213916	consumed-notification	162932431608583	162932305228000
1648	54.933333	162932307492916	162932340493958	consumed-notification	162932464952458	162932340505125
1649	54.966667	162932340910916	162932376465875	consumed-notification	162932498299791	162932376475083
1650	55.000000	162932376834541	162932395226291	consumed-notification	162932531639541	162932395233625
1651	55.033333	162932396106833	162932429361958	consumed-notification	162932564899750	162932429371666
1652	55.066667	162932429705958	162932463687833	consumed-notification	162932598275458	162932463697083
1653	55.100000	162932464098250	162932500158208	consumed-notification	162932631591041	162932500168541
1654	55.133333	162932500471375	162932535979291	consumed-notification	162932665379125	162932535989416
1655	55.166667	162932536810041	162932571425416	consumed-notification	162932698241000	162932571429750
1656	55.200000	162932571560958	162932609029333	consumed-notification	162932731563958	162932609036416
1657	55.233333	162932609290125	162932627896291	consumed-notification	162932764881125	162932627902791
1658	55.266667	162932628330958	162932664231875	consumed-notification	162932798239791	162932664238708
1659	55.300000	162932664419958	162932700410625	consumed-notification	162932831588375	162932700415416
1660	55.333333	162932700550833	162932737786958	consumed-notification	162932864962500	162932737790500
1661	55.366667	162932737876625	162932773049916	consumed-notification	162932898248958	162932773052833
1662	55.400000	162932773125208	162932791748166	consumed-notification	162932931582958	162932791750625
1663	55.433333	162932791831083	162932829309791	consumed-notification	162932964907791	162932829315916
1664	55.466667	162932829542791	162932865163041	consumed-notification	162932998245250	162932865171625
1665	55.500000	162932865547166	162932901234375	consumed-notification	162933031557208	162932901242791
1666	55.533333	162932901445625	162932936624958	consumed-notification	162933064903416	162932936629875
1667	55.566667	162932936750666	162932974048333	consumed-notification	162933098237583	162932974053125
1668	55.600000	162932974147416	162932992757625	consumed-notification	162933131570416	162932992760333
1669	55.633333	162932992852041	162933030155375	consumed-notification	162933164915500	162933030157541
1670	55.666667	162933030236708	162933065767875	consumed-notification	162933198255041	162933065770125
1671	55.700000	162933065837750	162933103161958	consumed-notification	162933231684708	162933103163708
1672	55.733333	162933103228791	162933140599416	consumed-notification	162933264926958	162933140605208
1673	55.766667	162933140753083	162933158882375	consumed-notification	162933298281375	162933158886333
1674	55.800000	162933158971583	162933196376833	consumed-notification	162933331572416	162933196384750
1675	55.833333	162933196710583	162933232747625	consumed-notification	162933364886291	162933232754041
1676	55.866667	162933233154166	162933269311000	consumed-notification	162933398222541	162933269320208
1677	55.900000	162933269830375	162933305868500	consumed-notification	162933431565833	162933305874833
1678	55.933333	162933306009125	162933324570833	consumed-notification	162933464898625	162933324575291
1679	55.966667	162933324681458	162933360835208	consumed-notification	162933498253250	162933360839166
1680	56.000000	162933360936791	162933397555416	consumed-notification	162933531593375	162933397560041
1681	56.033333	162933397614791	162933434919458	consumed-notification	162933564891541	162933434923416
1682	56.066667	162933434994500	162933472349875	consumed-notification	162933598218333	162933472353500
1683	56.100000	162933472459416	162933491023958	consumed-notification	162933631575291	162933491025916
1684	56.133333	162933491109791	162933527291708	consumed-notification	162933664924000	162933527297500
1685	56.166667	162933527428916	162933564775875	consumed-notification	162933698262791	162933564782458
1686	56.200000	162933564990666	162933602178875	consumed-notification	162933731558750	162933602182458
1687	56.233333	162933602300541	162933637861583	consumed-notification	162933765054500	162933637864375
1688	56.266667	162933637951375	162933675057125	consumed-notification	162933798268083	162933675060291
1689	56.300000	162933675172250	162933692375833	consumed-notification	162933831621625	162933692378708
1690	56.333333	162933692463416	162933729789083	consumed-notification	162933864930000	162933729792250
1691	56.366667	162933729895458	162933767407125	consumed-notification	162933898286833	162933767419041
1692	56.400000	162933767853250	162933803558916	consumed-notification	162933931606333	162933803567875
1693	56.433333	162933803977583	162933838240041	consumed-notification	162933964937875	162933838245125
1694	56.466667	162933838406958	162933874071750	consumed-notification	162933998288625	162933874083500
1695	56.500000	162933874554625	162933892862666	consumed-notification	162934031613333	162933892873125
1696	56.533333	162933893270541	162933927958125	consumed-notification	162934064957250	162933927968458
1697	56.566667	162933928353208	162933964899958	consumed-notification	162934098274625	162933964911666
1698	56.600000	162933965416708	162934001759833	consumed-notification	162934131604208	162934001771916
1699	56.633333	162934002171916	162934036689500	consumed-notification	162934164914750	162934036695750
1700	56.666667	162934037023833	162934073148875	consumed-notification	162934198222750	162934073163958
1701	56.700000	162934073408041	162934109570083	consumed-notification	162934231566958	162934109578250
1702	56.733333	162934109870333	162934128341208	consumed-notification	162934264894333	162934128347625
1703	56.766667	162934128598916	162934165002416	consumed-notification	162934298227125	162934165005625
1704	56.800000	162934165090416	162934201296208	consumed-notification	162934331552958	162934201299541
1705	56.833333	162934201386375	162934238727375	consumed-notification	162934364911041	162934238730791
1706	56.866667	162934238822916	162934276142583	consumed-notification	162934398229583	162934276145666
1707	56.900000	162934276219375	162934294857166	consumed-notification	162934431587875	162934294862333
1708	56.933333	162934294936833	162934332245583	consumed-notification	162934464898500	162934332247958
1709	56.966667	162934332328541	162934369676625	consumed-notification	162934498251708	162934369679375
1710	57.000000	162934369742791	162934407084625	consumed-notification	162934531570833	162934407090541
1711	57.033333	162934407193166	162934443399750	consumed-notification	162934564935333	162934443404458
1712	57.066667	162934443568375	162934461819833	consumed-notification	162934598243958	162934461822708
1713	57.100000	162934462021583	162934499250500	consumed-notification	162934631571416	162934499252541
1714	57.133333	162934499352666	162934536963958	consumed-notification	162934664887250	162934536978500
1715	57.166667	162934537337833	162934572687958	consumed-notification	162934698222958	162934572693208
1716	57.200000	162934572820375	162934591424041	consumed-notification	162934731576083	162934591430000
1717	57.233333	162934591663083	162934625600666	consumed-notification	162934764907666	162934625606583
1718	57.266667	162934625754125	162934662541333	consumed-notification	162934798246250	162934662545916
1719	57.300000	162934662648291	162934699995666	consumed-notification	162934831596583	162934699998666
1720	57.333333	162934700109416	162934737437958	consumed-notification	162934864952125	162934737440083
1721	57.366667	162934737519208	162934774858375	consumed-notification	162934898264750	162934774862500
1722	57.400000	162934774986250	162934793552708	consumed-notification	162934931599083	162934793556333
1723	57.433333	162934793670125	162934850001333	consumed-notification	162934964930458	162934850014916
1724	57.466667	162934850573958	162934867254833	consumed-notification	162934998279916	162934867265541
1725	57.500000	162934867912916	162934902024916	consumed-notification	162935031610458	162934902035416
1726	57.533333	162934902382125	162934938408666	consumed-notification	162935065181250	162934938421791
1727	57.566667	162934939171083	162934974486375	consumed-notification	162935098231041	162934974498541
1728	57.600000	162934974957583	162934993258375	consumed-notification	162935131592000	162934993267000
1729	57.633333	162934993671583	162935028944375	consumed-notification	162935164907833	162935028953083
1730	57.666667	162935029691583	162935065157041	consumed-notification	162935198232791	162935065165166
1731	57.700000	162935065878541	162935102550458	consumed-notification	162935231554000	162935102555125
1732	57.733333	162935102719125	162935140023916	consumed-notification	162935264886083	162935140027875
1733	57.766667	162935140224416	162935158709666	consumed-notification	162935298225708	162935158712500
1734	57.800000	162935158851916	162935196122750	consumed-notification	162935331574541	162935196126000
1735	57.833333	162935196213875	162935233504875	consumed-notification	162935364897625	162935233507375
1736	57.866667	162935233603958	162935270903458	consumed-notification	162935398237458	162935270906083
1737	57.900000	162935270999041	162935308313375	consumed-notification	162935431563916	162935308315958
1738	57.933333	162935308414958	162935327044333	consumed-notification	162935464891083	162935327048958
1739	57.966667	162935327122208	162935364443250	consumed-notification	162935498222208	162935364446125
1740	58.000000	162935364544250	162935401830083	consumed-notification	162935531550041	162935401832625
1741	58.033333	162935401948625	162935439219666	consumed-notification	162935564884333	162935439221875
1742	58.066667	162935439333458	162935457912291	consumed-notification	162935598225833	162935457914458
1743	58.100000	162935458006875	162935494095000	consumed-notification	162935631560666	162935494097333
1744	58.133333	162935494192583	162935531494541	consumed-notification	162935664883958	162935531496750
1745	58.166667	162935531591916	162935568880625	consumed-notification	162935698230250	162935568882708
1746	58.200000	162935568959791	162935606278791	consumed-notification	162935731561166	162935606281875
1747	58.233333	162935606338375	162935624954541	consumed-notification	162935764892000	162935624956333
1748	58.266667	162935625025791	162935662329708	consumed-notification	162935798224791	162935662331750
1749	58.300000	162935662390666	162935699782583	consumed-notification	162935831576041	162935699785583
1750	58.333333	162935699854416	162935737192958	consumed-notification	162935864969333	162935737196375
1751	58.366667	162935737287500	162935774148000	consumed-notification	162935898349708	162935774152333
1752	58.400000	162935774237250	162935792865333	consumed-notification	162935931578625	162935792867041
1753	58.433333	162935792925791	162935830268291	consumed-notification	162935964936791	162935830271291
1754	58.466667	162935830355666	162935867391500	consumed-notification	162935998275000	162935867396375
1755	58.500000	162935867521458	162935903223041	consumed-notification	162936031560125	162935903238125
1756	58.533333	162935910282416	162935940114833	consumed-notification	162936064894333	162935940121500
1757	58.566667	162935940209083	162935958945625	consumed-notification	162936098273208	162935958953125
1758	58.600000	162935959281125	162935995705500	consumed-notification	162936131603125	162935995710083
1759	58.633333	162935995831750	162936031325500	consumed-notification	162936164919250	162936031328708
1760	58.666667	162936031392750	162936068720916	consumed-notification	162936198236250	162936068723875
1761	58.700000	162936068809166	162936106211333	consumed-notification	162936231603333	162936106214916
1762	58.733333	162936106321875	162936142408625	consumed-notification	162936265033750	162936142414291
1763	58.766667	162936142615833	162936159260875	consumed-notification	162936298318541	162936159264333
1764	58.800000	162936159359125	162936196731041	consumed-notification	162936331625500	162936196736250
1765	58.833333	162936196833291	162936232735208	consumed-notification	162936364973916	162936232739500
1766	58.866667	162936232853541	162936269945375	consumed-notification	162936399105125	162936269958250
1767	58.900000	162936270810041	162936306692250	consumed-notification	162936431650041	162936306704125
1768	58.933333	162936307473333	162936325447833	consumed-notification	162936465104125	162936325457583
1769	58.966667	162936325683958	162936361034500	consumed-notification	162936498245041	162936361043750
1770	59.000000	162936361663458	162936399288416	consumed-notification	162936531592208	162936399295666
1771	59.033333	162936399508416	162936436610000	consumed-notification	162936564940375	162936436619750
1772	59.066667	162936438001583	162936474053166	consumed-notification	162936598246166	162936474061750
1773	59.100000	162936474365666	162936491502958	consumed-notification	162936631566083	162936491510583
1774	59.133333	162936491845000	162936527586875	consumed-notification	162936665038250	162936527593083
1775	59.166667	162936527783333	162936564891541	consumed-notification	162936698253708	162936564897208
1776	59.200000	162936565054666	162936600954166	consumed-notification	162936731578166	162936600959833
1777	59.233333	162936601178083	162936637608583	consumed-notification	162936764907166	162936637614208
1778	59.266667	162936637813041	162936671440041	consumed-notification	162936798438916	162936671463791
1779	59.300000	162936671722250	162936707496958	consumed-notification	162936831625000	162936707505000
1780	59.333333	162936707709500	162936725527500	consumed-notification	162936864936833	162936725533083
1781	59.366667	162936725689958	162936763138625	consumed-notification	162936898283208	162936763143625
1782	59.400000	162936763495041	162936801210166	consumed-notification	162936932114541	162936801228125
1783	59.433333	162936801778375	162936836899958	consumed-notification	162936964952791	162936836909916
1784	59.466667	162936837252458	162936873200750	consumed-notification	162936998301625	162936873209500
1785	59.500000	162936873448208	162936891993708	consumed-notification	162937031658541	162936892004458
1786	59.533333	162936892323375	162936928265666	consumed-notification	162937064976458	162936928272916
1787	59.566667	162936928496333	162936963836458	consumed-notification	162937097429916	162936963844958
1788	59.600000	162936964178958	162937001002166	consumed-notification	162937136749833	162937001014166
1789	59.633333	162937001459000	162937038627375	consumed-notification	162937170003583	162937038640125
1790	59.666667	162937039060875	162937074232708	consumed-notification	162937203362583	162937074240583
1791	59.700000	162937074577333	162937099026000	consumed-notification	162937236681750	162937099032708
1792	59.733333	162937099555791	162937140232041	consumed-notification	162937270015000	162937140242791
1793	59.766667	162937140783250	162937159191875	consumed-notification	162937303353041	162937159199208
1794	59.800000	162937159434625	162937195998041	consumed-notification	162937336689291	162937196004916
1795	59.833333	162937196174250	162937233533041	consumed-notification	162937370035125	162937233543458
1796	59.866667	162937233827750	162937270591416	consumed-notification	162937403409208	162937270602333
1797	59.900000	162937270834041	162937308466375	consumed-notification	162937436738041	162937308474333
1798	59.933333	162937309141250	162937327613833	consumed-notification	162937470128125	162937327619541
1799	59.966667	162937327803916	162937362075375	consumed-notification	162937503368541	162937362082750
1800	60.000000	162937362371750	162937398772500	consumed-notification	162937536866458	162937398782625
1801	60.033333	162937399060833	162937436329875	consumed-notification	162937570021291	162937436340625
1802	60.066667	162937436693583	162937473897000	consumed-notification	162937603390250	162937473904541
1803	60.100000	162937474216208	162937509534625	consumed-notification	162937636743791	162937509541750
1804	60.133333	162937509898458	162937528312916	consumed-notification	162937670501458	162937528410125
1805	60.166667	162937528837166	162937563191750	consumed-notification	162937703375041	162937563199166
1806	60.200000	162937563448500	162937599811875	consumed-notification	162937736745500	162937599823291
1807	60.233333	162937600151458	162937635697041	consumed-notification	162937770904791	162937635704666
1808	60.266667	162937636165458	162937672589000	consumed-notification	162937803389666	162937672601083
1809	60.300000	162937678391333	162937694188416	consumed-notification	162937836760583	162937694200000
1810	60.333333	162937694599541	162937731271791	consumed-notification	162937870084375	162937731282291
1811	60.366667	162937731379333	162937767841458	consumed-notification	162937903446000	162937767850958
1812	60.400000	162937768668708	162937803773750	consumed-notification	162937936720333	162937803781666
1813	60.433333	162937804537750	162937840722500	consumed-notification	162937970147958	162937840732208
1814	60.466667	162937841851875	162937859493083	consumed-notification	162938003886291	162937859502833
1815	60.500000	162937859822291	162937897179791	consumed-notification	162938037072291	162937897193041
1816	60.533333	162937898099083	162937934959541	consumed-notification	162938070049458	162937934970291
1817	60.566667	162937934616333	162937973124416	consumed-notification	162938104247208	162937973134625
1818	60.600000	162937974171041	162938010882041	consumed-notification	162938132084750	162938010893208
1819	60.633333	162938012962791	162938029869375	consumed-notification	162938164981000	162938029878333
1820	60.666667	162938030333708	162938068419625	consumed-notification	162938198329041	162938068430291
1821	60.700000	162938068732708	162938107237166	consumed-notification	162938236745000	162938107249000
1822	60.733333	162938107745958	162938124598250	consumed-notification	162938270019125	162938124605916
1823	60.766667	162938124928833	162938165022291	consumed-notification	162938378953125	162938165033541
1824	60.800000	162938165399875	162938203064208	consumed-notification	162938378953125	162938203074708
1825	60.833333	162938203531958	162938228967375	consumed-notification	162938378953125	162938228979708
1826	60.866667	162938229749833	162938264985708	consumed-notification	162938397185291	162938264993125
1827	60.900000	162938265278208	162938379441416	consumed-notification	162938437829250	162938379453125
1828	60.933333	162938380383208	162938380739208	consumed-notification	162938471183125	162938380745375
1829	60.966667	162938381201791	162938381448000	consumed-notification	162938503413875	162938381451958
1830	61.000000	162938381845000	162938401294625	consumed-notification	162938536788666	162938401306125
1831	61.033333	162938402672375	162938438044875	consumed-notification	162938570299791	162938438055291
1832	61.066667	162938438811291	162938475913333	consumed-notification	162938604192083	162938475922958
1833	61.100000	162938476547916	162938494302000	consumed-notification	162938636669500	162938494307958
1834	61.133333	162938494680500	162938532851208	consumed-notification	162938670024666	162938532860458
1835	61.166667	162938533546291	162938567748166	consumed-notification	162938703396916	162938567759958
1836	61.200000	162938568205208	162938605726708	consumed-notification	162938733645166	162938605739583
1837	61.233333	162938606302375	162938642863375	consumed-notification	162938763760208	162938642869625
1838	61.266667	162938643028416	162938662312541	consumed-notification	162938803410625	162938662320041
1839	61.300000	162938662426958	162938698383541	consumed-notification	162938836661125	162938698395458
1840	61.333333	162938699102791	162938739155916	consumed-notification	162938870127708	162938739169166
1841	61.366667	162938739840958	162938764024416	consumed-notification	162938903367083	162938764031958
1842	61.400000	162938765403041	162938803550250	consumed-notification	162938936699416	162938803575375
1843	61.433333	162938803681416	162938840705291	consumed-notification	162938972840750	162938840712166
1844	61.466667	162938840892291	162938859546583	consumed-notification	162939003339541	162938859555583
1845	61.500000	162938859816791	162938895124416	consumed-notification	162939036685000	162938895131625
1846	61.533333	162938895298083	162938930615375	consumed-notification	162939070011541	162938930623041
1847	61.566667	162938931017000	162938981924625	consumed-notification	162939103339291	162938981931083
1848	61.600000	162938982201500	162939005421791	consumed-notification	162939136677583	162939005427375
1849	61.633333	162939006024833	162939042131583	consumed-notification	162939171475291	162939042137000
1850	61.666667	162939042302916	162939060923083	consumed-notification	162939203342541	162939060929666
1851	61.700000	162939061238500	162939096576583	consumed-notification	162939236688791	162939096582250
1852	61.733333	162939096730333	162939133763291	consumed-notification	162939270283250	162939133768583
1853	61.766667	162939133916916	162939171946708	consumed-notification	162939303332000	162939171952916
1854	61.800000	162939172654708	162939207127958	consumed-notification	162939336981291	162939207133416
1855	61.833333	162939207351416	162939241926583	consumed-notification	162939370161583	162939241931833
1856	61.866667	162939242084791	162939260872666	consumed-notification	162939403361666	162939260878166
1857	61.900000	162939261169833	162939297561750	consumed-notification	162939436930000	162939297567625
1858	61.933333	162939297694333	162939336473375	consumed-notification	162939470042875	162939336479750
1859	61.966667	162939336964041	162939370260791	consumed-notification	162939503341375	162939370307375
1860	62.000000	162939370428708	162939405346916	consumed-notification	162939536892750	162939405352916
1861	62.033333	162939405507333	162939440486375	consumed-notification	162939569999750	162939440492000
1862	62.066667	162939440639833	162939458465833	consumed-notification	162939603377750	162939458471166
1863	62.100000	162939458659125	162939495955875	consumed-notification	162939636714500	162939495961500
1864	62.133333	162939496125416	162939531882833	consumed-notification	162939670406500	162939531889291
1865	62.166667	162939532041791	162939568363583	consumed-notification	162939698700750	162939568369500
1866	62.200000	162939568534166	162939605623041	consumed-notification	162939731578583	162939605628708
1867	62.233333	162939605757500	162939630164541	consumed-notification	162939764920708	162939630173041
1868	62.266667	162939630440791	162939669628791	consumed-notification	162939799029916	162939669635625
1869	62.300000	162939670365416	162939707682333	consumed-notification	162939831589333	162939707688333
1870	62.333333	162939707822625	162939726289625	consumed-notification	162939899410916	162939726295750
1871	62.366667	162939726552166	162939761909125	consumed-notification	162939899410916	162939761915208
1872	62.400000	162939762084958	162939804000875	consumed-notification	162939938762166	162939804007291
1873	62.433333	162939804874750	162939836902500	consumed-notification	162940022435583	162939836908416
1874	62.466667	162939837073750	162939913446333	consumed-notification	162940022435583	162939913453583
1875	62.500000	162939917470208	162939918673291	consumed-notification	162940036890333	162939918677625
1876	62.533333	162939919376583	162939938949291	consumed-notification	162940070273958	162939938955583
1877	62.566667	162939939369166	162940028017958	consumed-notification	162940145697000	162940028027583
1878	62.600000	162940030331791	162940030747041	consumed-notification	162940145697000	162940030752833
1879	62.633333	162940031662916	162940036271250	consumed-notification	162940165012541	162940036278416
1880	62.666667	162940036974166	162940061151666	consumed-notification	162940198702166	162940061161250
1881	62.700000	162940061575083	162940146819500	consumed-notification	162940275665625	162940146826625
1882	62.733333	162940147065333	162940147243791	consumed-notification	162940275665625	162940147247958
1883	62.766667	162940147443291	162940165139666	consumed-notification	162940303331541	162940165144000
1884	62.800000	162940165287875	162940211066750	consumed-notification	162940341445750	162940211072958
1885	62.833333	162940211862208	162940275588041	consumed-notification	162940372018416	162940275594916
1886	62.866667	162940276344666	162940276920166	consumed-notification	162940403360416	162940276924416
1887	62.900000	162940277147250	162940309680708	consumed-notification	162940446176916	162940309756916
1888	62.933333	162940310055958	162940328914291	consumed-notification	162940469488333	162940328919958
1889	62.966667	162940329617125	162940366865541	consumed-notification	162940503846166	162940366871291
1890	63.000000	162940367138541	162940404626166	consumed-notification	162940531626250	162940404633250
1891	63.033333	162940405026291	162940446545625	consumed-notification	162940564916375	162940446552291
1892	63.066667	162940446862083	162940469652875	consumed-notification	162940598257375	162940469657958
1893	63.100000	162940469895750	162940503961708	consumed-notification	162940631761208	162940504002125
1894	63.133333	162940504284166	162940540873333	consumed-notification	162940670212500	162940540878916
1895	63.166667	162940541022000	162940559663333	consumed-notification	162940703568250	162940559669791
1896	63.200000	162940559914208	162940595946458	consumed-notification	162940738433833	162940595952708
1897	63.233333	162940596128500	162940631969041	consumed-notification	162940770023166	162940631974916
1898	63.266667	162940632387708	162940668186500	consumed-notification	162940803355750	162940668192333
1899	63.300000	162940668346041	162940706069791	consumed-notification	162940889353708	162940706076333
1900	63.333333	162940706447208	162940743851000	consumed-notification	162940889353708	162940743857541
1901	63.366667	162940744205541	162940761171833	consumed-notification	162940933947375	162940761178166
1902	63.400000	162940761458166	162940798887833	consumed-notification	162940933947375	162940798893708
1903	63.433333	162940799048750	162940928157458	consumed-notification	162941003773458	162940928171458
1904	63.466667	162940940009958	162940954441375	consumed-notification	162941003773458	162940954447583
1905	63.500000	162940962603791	162941001294166	consumed-notification	162941031694583	162941001301083
1906	63.533333	162941001715416	162941003131875	consumed-notification	162941070075125	162941003137208
1907	63.566667	162941006395666	162941006524875	consumed-notification	162941106602708	162941006528916
1908	63.600000	162941006862833	162941006969791	consumed-notification	162941170548833	162941006973791
1909	63.633333	162941007175833	162941037680083	consumed-notification	162941170548833	162941037686291
1910	63.666667	162941044826333	162941073635666	consumed-notification	162941198328125	162941073641083
1911	63.700000	162941073806791	162941093782458	consumed-notification	162941232823500	162941093788958
1912	63.733333	162941094603833	162941168419666	consumed-notification	162941264943958	162941168426166
1913	63.766667	162941168677625	162941168763291	consumed-notification	162941298375750	162941168766000
1914	63.800000	162941168921666	162941204648583	consumed-notification	162941331643458	162941204654333
1915	63.833333	162941204800750	162941241961000	consumed-notification	162941364907541	162941241966750
1916	63.866667	162941242030958	162941260625208	consumed-notification	162941398260250	162941260630583
1917	63.900000	162941260953125	162941296237416	consumed-notification	162941431583166	162941296242583
1918	63.933333	162941296234833	162941331592208	consumed-notification	162941465002125	162941331598375
1919	63.966667	162941331728000	162941368199458	consumed-notification	162941498334750	162941368204875
1920	64.000000	162941368361416	162941404832208	consumed-notification	162941532053041	162941404838500
1921	64.033333	162941404888916	162941439776958	consumed-notification	162941569993541	162941439782541
1922	64.066667	162941440091000	162941458548208	consumed-notification	162941597453208	162941458553208
1923	64.100000	162941458703708	162941495529708	consumed-notification	162941674631416	162941495535416
1924	64.133333	162941495754000	162941529568250	consumed-notification	162941674631416	162941529574291
1925	64.166667	162941529742041	162941566260375	consumed-notification	162941706579291	162941566266541
1926	64.200000	162941566511833	162941604404916	consumed-notification	162941731960791	162941604410375
1927	64.233333	162941604562625	162941694653375	consumed-notification	162941764928625	162941695455416
1928	64.266667	162941696527041	162941697720625	consumed-notification	162941798271916	162941697724916
1929	64.300000	162941699173000	162941699415375	consumed-notification	162941831588750	162941699418500
1930	64.333333	162941699862958	162941732126000	consumed-notification	162941864979375	162941732132291
1931	64.366667	162941732386083	162941769911500	consumed-notification	162941903516166	162941769917750
1932	64.400000	162941770151375	162941805622416	consumed-notification	162941936724250	162941805628125
1933	64.433333	162941805879666	162941839915166	consumed-notification	162941970266125	162941839920625
1934	64.466667	162941840054291	162941860987916	consumed-notification	162942006097333	162941860994208
1935	64.500000	162941861274916	162941898000333	consumed-notification	162942050690291	162941898005916
1936	64.533333	162941898255833	162941932692208	consumed-notification	162942109047833	162941932697666
1937	64.566667	162941932601208	162941932740791	consumed-notification	162942109047833	162941932742791
1938	64.600000	162941932907458	162942008291541	consumed-notification	162942133150291	162942008297958
1939	64.633333	162942009414083	162942051851000	consumed-notification	162942173713916	162942051856708
1940	64.666667	162942083304000	162942112188166	consumed-notification	162942203870166	162942112195916
1941	64.700000	162942112985958	162942114023333	consumed-notification	162942230487000	162942114027791
1942	64.733333	162942114663958	162942142363458	consumed-notification	162942270354000	162942142377583
1943	64.766667	162942144853583	162942163303875	consumed-notification	162942303345166	162942163310000
1944	64.800000	162942163932833	162942207908625	consumed-notification	162942336671708	162942207921125
1945	64.833333	162942208801625	162942226735291	consumed-notification	162942370578458	162942226741916
1946	64.866667	162942230221375	162942262985125	consumed-notification	162942403416250	162942262991750
1947	64.900000	162942263416000	162942302351583	consumed-notification	162942436680083	162942302357125
1948	64.933333	162942302580958	162942340294416	consumed-notification	162942469994125	162942340303250
1949	64.966667	162942340614375	162942380561541	consumed-notification	162942503339416	162942380570958
1950	65.000000	162942385187458	162942396533500	consumed-notification	162942536658500	162942396539166
1951	65.033333	162942396843416	162942431758291	consumed-notification	162942570005250	162942431764583
1952	65.066667	162942431922875	162942465925458	consumed-notification	162942603452666	162942465931041
1953	65.100000	162942466114541	162942500852708	consumed-notification	162942637243625	162942500859666
1954	65.133333	162942501336666	162942537791041	consumed-notification	162942670050291	162942537796875
1955	65.166667	162942537982458	162942574085625	consumed-notification	162942703598333	162942574092041
1956	65.200000	162942574193500	162942592725333	consumed-notification	162942736744041	162942592730791
1957	65.233333	162942592867250	162942626890916	consumed-notification	162942770458458	162942626897083
1958	65.266667	162942627112583	162942662282291	consumed-notification	162942803323208	162942662289041
1959	65.300000	162942662534416	162942697385083	consumed-notification	162942836664666	162942697391541
1960	65.333333	162942697602791	162942733986708	consumed-notification	162942870008375	162942733992583
1961	65.366667	162942734152250	162942770705041	consumed-notification	162942903352666	162942770711125
1962	65.400000	162942770885833	162942806430208	consumed-notification	162942936690333	162942806436041
1963	65.433333	162942806599958	162942842338083	consumed-notification	162942970006500	162942842343541
1964	65.466667	162942842501500	162942859737041	consumed-notification	162943003330500	162942859742625
1965	65.500000	162942859875125	162942894596666	consumed-notification	162943036676916	162942894603250
1966	65.533333	162942894964541	162942933066666	consumed-notification	162943071115125	162942933073625
1967	65.566667	162942934298583	162942968199166	consumed-notification	162943104582958	162942968205208
1968	65.600000	162942968367500	162943003851625	consumed-notification	162943136712875	162943003859208
1969	65.633333	162943004093041	162943040047541	consumed-notification	162943170036000	162943040053500
1970	65.666667	162943040193791	162943075298041	consumed-notification	162943203336125	162943075303541
1971	65.700000	162943075443833	162943092533791	consumed-notification	162943236667833	162943092539208
1972	65.733333	162943095140375	162943126932041	consumed-notification	162943269995583	162943126938750
1973	65.766667	162943127118666	162943163942583	consumed-notification	162943303336833	162943163955791
1974	65.800000	162943164259791	162943198532916	consumed-notification	162943337017583	162943198539250
1975	65.833333	162943198717083	162943235732666	consumed-notification	162943370264041	162943235742916
1976	65.866667	162943235934000	162943271130125	consumed-notification	162943397852375	162943271141375
1977	65.900000	162943271299541	162943306688166	consumed-notification	162943436745250	162943306695541
1978	65.933333	162943306977625	162943325479208	consumed-notification	162943470140250	162943325485583
1979	65.966667	162943325628291	162943372011166	consumed-notification	162943503322208	162943372018750
1980	66.000000	162943372322625	162943398144416	consumed-notification	162943536757541	162943398149958
1981	66.033333	162943398474250	162943434959291	consumed-notification	162943569983500	162943434965000
1982	66.066667	162943434742083	162943435056250	consumed-notification	162943603476750	162943435059583
1983	66.100000	162943435178833	162943507547541	consumed-notification	162943636653958	162943507553166
1984	66.133333	162943507841500	162943526325208	consumed-notification	162943669980875	162943526330541
1985	66.166667	162943526477083	162943562162666	consumed-notification	162943703320291	162943562168500
1986	66.200000	162943562318333	162943598944875	consumed-notification	162943736652750	162943598950666
1987	66.233333	162943599097916	162943633392208	consumed-notification	162943769993708	162943633398500
1988	66.266667	162943633546708	162943669621958	consumed-notification	162943803316583	162943669628291
1989	66.300000	162943669747833	162943704100333	consumed-notification	162943836662958	162943704107791
1990	66.333333	162943704354166	162943740906625	consumed-notification	162943870251208	162943740912958
1991	66.366667	162943741200833	162943759691000	consumed-notification	162943903333291	162943759697333
1992	66.400000	162943759874375	162943798290125	consumed-notification	162943936701958	162943798296166
1993	66.433333	162943798420875	162943834813291	consumed-notification	162943970013375	162943834821208
1994	66.466667	162943834965750	162943870591166	consumed-notification	162944003324000	162943870600208
1995	66.500000	162943870808916	162943904904875	consumed-notification	162944037173750	162943904911083
1996	66.533333	162943905145791	162943940548416	consumed-notification	162944069997375	162943940564083
1997	66.566667	162943940717875	162943959459125	consumed-notification	162944104131125	162943959464750
1998	66.600000	162943959633958	162943996333083	consumed-notification	162944136663541	162943996340958
1999	66.633333	162943996611791	162944032221041	consumed-notification	162944169988625	162944032227333
2000	66.666667	162944032410750	162944067060166	consumed-notification	162944203329666	162944067069875
2001	66.700000	162944067340541	162944104267291	consumed-notification	162944236664500	162944104273250
2002	66.733333	162944104531375	162944140550708	consumed-notification	162944270100958	162944140557333
2003	66.766667	162944140826791	162944159395791	consumed-notification	162944303317875	162944159474375
2004	66.800000	162944159609666	162944194763333	consumed-notification	162944336669291	162944194770041
2005	66.833333	162944195128958	162944232614166	consumed-notification	162944363610416	162944232619916
2006	66.866667	162944233495500	162944269955916	consumed-notification	162944403332458	162944270007666
2007	66.900000	162944270182458	162944305643166	consumed-notification	162944436658875	162944305653250
2008	66.933333	162944305940125	162944341348041	consumed-notification	162944469989208	162944341354250
2009	66.966667	162944341656625	162944364326708	consumed-notification	162944503319250	162944364333333
2010	67.000000	162944367590166	162944401233958	consumed-notification	162944536651291	162944401237833
2011	67.033333	162944401318333	162944438674750	consumed-notification	162944569980541	162944438678458
2012	67.066667	162944438770416	162944476068416	consumed-notification	162944603314125	162944476072500
2013	67.100000	162944476159083	162944494754208	consumed-notification	162944636662791	162944494756833
2014	67.133333	162944494816041	162944532173500	consumed-notification	162944669985375	162944532176875
2015	67.166667	162944532239625	162944569361333	consumed-notification	162944703326250	162944569364833
2016	67.200000	162944569422708	162944606739500	consumed-notification	162944736656416	162944606742416
2017	67.233333	162944606810083	162944625445208	consumed-notification	162944769988000	162944625448750
2018	67.266667	162944625494416	162944662825833	consumed-notification	162944803313458	162944662829000
2019	67.300000	162944662885291	162944700213750	consumed-notification	162944836647708	162944700216583
2020	67.333333	162944700278708	162944737611750	consumed-notification	162944869996750	162944737615500
2021	67.366667	162944737747208	162944775048375	consumed-notification	162944903315166	162944775051708
2022	67.400000	162944775166375	162944793754916	consumed-notification	162944936648625	162944793758000
2023	67.433333	162944793830625	162944831180208	consumed-notification	162944969986166	162944831184000
2024	67.466667	162944831272041	162944868610083	consumed-notification	162945003319375	162944868615083
2025	67.500000	162944868724791	162944906058291	consumed-notification	162945036647791	162944906062333
2026	67.533333	162944906142500	162944924768333	consumed-notification	162945069987125	162944924771833
2027	67.566667	162944924839958	162944962180375	consumed-notification	162945103316208	162944962183958
2028	67.600000	162944962267000	162944999572125	consumed-notification	162945136652958	162944999575166
2029	67.633333	162944999657291	162945035773875	consumed-notification	162945169974708	162945035776041
2030	67.666667	162945035880791	162945071800166	consumed-notification	162945203319000	162945071802666
2031	67.700000	162945071902208	162945109192666	consumed-notification	162945236658541	162945109194875
2032	67.733333	162945109288583	162945127888833	consumed-notification	162945269983333	162945127890916
2033	67.766667	162945127964541	162945165319541	consumed-notification	162945303322000	162945165322958
2034	67.800000	162945165398166	162945202732916	consumed-notification	162945336655791	162945202736458
2035	67.833333	162945202827750	162945240075041	consumed-notification	162945369986125	162945240077250
2036	67.866667	162945240168875	162945258796208	consumed-notification	162945403320083	162945258798666
2037	67.900000	162945258881750	162945296259791	consumed-notification	162945436664250	162945296263166
2038	67.933333	162945296343250	162945333683583	consumed-notification	162945469986208	162945333687208
2039	67.966667	162945333750000	162945371130041	consumed-notification	162945503314166	162945371133541
2040	68.000000	162945371220625	162945408514625	consumed-notification	162945536646291	162945408518458
2041	68.033333	162945408591916	162945427233166	consumed-notification	162945569983875	162945427236375
2042	68.066667	162945427316375	162945464542291	consumed-notification	162945603313875	162945464546083
2043	68.100000	162945464742541	162945501977125	consumed-notification	162945636653833	162945501980916
2044	68.133333	162945502078208	162945539380291	consumed-notification	162945669978541	162945539383208
2045	68.166667	162945539465625	162945576785875	consumed-notification	162945703423666	162945576790041
2046	68.200000	162945576862375	162945595500000	consumed-notification	162945736642166	162945595503708
2047	68.233333	162945595566833	162945631811750	consumed-notification	162945769973541	162945631816041
2048	68.266667	162945631937083	162945668457708	consumed-notification	162945803313583	162945668460291
2049	68.300000	162945668581291	162945705552625	consumed-notification	162945836649583	162945705560500
2050	68.333333	162945705711458	162945741342666	consumed-notification	162945869977375	162945741349166
2051	68.366667	162945741536083	162945758990666	consumed-notification	162945903311875	162945758998625
2052	68.400000	162945759236250	162945793207708	consumed-notification	162945936698875	162945793213541
2053	68.433333	162945793347083	162945830533791	consumed-notification	162945970009750	162945830539500
2054	68.466667	162945830687708	162945867231125	consumed-notification	162946004526750	162945867237083
2055	68.500000	162945867394583	162945904899250	consumed-notification	162946036656333	162945904906541
2056	68.533333	162945905104500	162945942463416	consumed-notification	162946069981916	162945942475625
2057	68.566667	162945942802000	162945959375791	consumed-notification	162946103568458	162945959383333
2058	68.600000	162945959749833	162945995608583	consumed-notification	162946136693875	162945995616708
2059	68.633333	162945996626916	162946031706333	consumed-notification	162946169973375	162946031714583
2060	68.666667	162946031864541	162946068067291	consumed-notification	162946203301916	162946068078875
2061	68.700000	162946068393083	162946103707416	consumed-notification	162946236647458	162946103713791
2062	68.733333	162946103895583	162946140804791	consumed-notification	162946270062500	162946140811791
2063	68.766667	162946140997833	162946159529166	consumed-notification	162946303311916	162946159541250
2064	68.800000	162946159682666	162946194316666	consumed-notification	162946336646041	162946194322625
2065	68.833333	162946194471250	162946231396833	consumed-notification	162946363838583	162946231407041
2066	68.866667	162946231574333	162946268304500	consumed-notification	162946403319083	162946268313458
2067	68.900000	162946268598375	162946305720750	consumed-notification	162946436872916	162946305728666
2068	68.933333	162946305893500	162946341115000	consumed-notification	162946470330666	162946341121416
2069	68.966667	162946341467083	162946361416083	consumed-notification	162946503308250	162946361422416
2070	69.000000	162946363915666	162946395461500	consumed-notification	0	162946395468166
2071	69.033333	162946395790875	162946432786166	consumed-notification	0	162946432793791
2072	69.066667	162946433065916	162946469246666	consumed-notification	0	162946469252791
2073	69.100000	162946469494625	162946504571541	consumed-notification	0	162946504577875
2074	69.133333	162946504748666	0	none	0	0
