frame_index	pts_seconds	enqueue_host_ns	proof_host_ns	proof_source	inferred_display_ns	ack2_host_ns
0	0.000000	162986066424166	162986070608458	consumed-notification	162986120829125	162986070611041
1	0.033333	162986067484416	162986070649583	consumed-notification	162986190022208	162986070651000
2	0.066667	162986070749625	162986070793958	consumed-notification	162986223315791	162986070795750
3	0.100000	162986070879000	162986070923208	consumed-notification	162986253225291	162986070925250
4	0.133333	162986071006583	162986139721125	consumed-notification	162986286531375	162986139725125
5	0.166667	162986139791791	162986187677666	consumed-notification	162986319873958	162986187685458
6	0.200000	162986187687958	162986223197125	consumed-notification	162986353192583	162986223199458
7	0.233333	162986223194125	162986223284375	consumed-notification	162986393589541	162986223285541
8	0.266667	162986223272791	162986223384708	consumed-notification	162986419851958	162986223387291
9	0.300000	162986223386125	162986223486125	consumed-notification	162986453190541	162986223488625
10	0.333333	162986223467708	162986223575666	consumed-notification	162986486516791	162986223576666
11	0.366667	162986223587333	162986391689916	consumed-notification	162986519848458	162986391693333
12	0.400000	162986391696416	162986428135375	consumed-notification	162986553183416	162986428139833
13	0.433333	162986428291458	162986466290875	consumed-notification	162986586514083	162986466295000
14	0.466667	162986465641708	162986466443041	consumed-notification	162986619857458	162986466445333
15	0.500000	162986466401791	162986466470583	consumed-notification	162986653183583	162986466472083
16	0.533333	162986466567333	162986558650583	consumed-notification	162986693293791	162986558654458
17	0.566667	162986558633375	162986558750208	consumed-notification	162986723328375	162986558751500
18	0.600000	162986558759083	162986630958625	consumed-notification	162986756669625	162986630961750
19	0.633333	162986631087375	162986649888750	consumed-notification	162986789996083	162986649892375
20	0.666667	162986649841375	162986649918125	consumed-notification	162986823329000	162986649919333
21	0.700000	162986649990333	162986723368666	consumed-notification	162986856666791	162986723372416
22	0.733333	162986723471625	162986760780291	consumed-notification	162986890005416	162986760784166
23	0.766667	162986760869250	162986798172875	consumed-notification	162986923329208	162986798177208
24	0.800000	162986798289416	162986816883875	consumed-notification	162986963331166	162986816888291
25	0.833333	162986816980125	162986852555500	consumed-notification	162986986521541	162986852560000
26	0.866667	162986852625166	162986889984791	consumed-notification	162987020304833	162986889989583
27	0.900000	162986890072083	162986927419333	consumed-notification	162987053195833	162986927423500
28	0.933333	162986927533958	162986964798416	consumed-notification	162987086526541	162986964801791
29	0.966667	162986964890833	162986983552125	consumed-notification	162987119856708	162986983556916
30	1.000000	162986983660083	162987019358375	consumed-notification	162987153186625	162987019361750
31	1.033333	162987019441333	162987056785958	consumed-notification	162987186515875	162987056789583
32	1.066667	162987056856125	162987094231333	consumed-notification	162987219869333	162987094234916
33	1.100000	162987094336000	162987131642375	consumed-notification	162987253197875	162987131645791
34	1.133333	162987131738125	162987169083041	consumed-notification	162987286526083	162987169087375
35	1.166667	162987169191708	162987187799791	consumed-notification	162987319862541	162987187803458
36	1.200000	162987187956000	162987225240750	consumed-notification	162987353189125	162987225247333
37	1.233333	162987225346250	162987262644875	consumed-notification	162987386523458	162987262648583
38	1.266667	162987262756125	162987300059333	consumed-notification	162987419849625	162987300064000
39	1.300000	162987300196291	162987318775666	consumed-notification	162987453184083	162987318782791
40	1.333333	162987318912541	162987354380958	consumed-notification	162987486520250	162987354384166
41	1.366667	162987354497875	162987391815208	consumed-notification	162987519846875	162987391818500
42	1.400000	162987391932250	162987429251708	consumed-notification	162987553179708	162987429255541
43	1.433333	162987429332916	162987466721166	consumed-notification	162987586521750	162987466725166
44	1.466667	162987466823875	162987484419166	consumed-notification	162987619851083	162987484422833
45	1.500000	162987484533916	162987521857750	consumed-notification	162987710375125	162987521864458
46	1.533333	162987521947166	162987559254291	consumed-notification	162987710375125	162987559257916
47	1.566667	162987559320708	162987595900875	consumed-notification	162987728254500	162987595904500
48	1.600000	162987595993500	162987652017750	consumed-notification	162987753185291	162987652021416
49	1.633333	162987652123583	162987670759041	consumed-notification	162987786518791	162987670762625
50	1.666667	162987670871208	162987707623250	consumed-notification	162987819857291	162987707627291
51	1.700000	162987707726375	162987724728375	consumed-notification	162987853180875	162987724732291
52	1.733333	162987724820958	162987762178666	consumed-notification	162987886515333	162987762182000
53	1.766667	162987762275958	162987799627750	consumed-notification	162987919854750	162987799637166
54	1.800000	162987799795500	162987817084916	consumed-notification	162987953186333	162987817089791
55	1.833333	162987817168958	162987871925833	consumed-notification	162987986546125	162987871929791
56	1.866667	162987872011541	162987890650208	consumed-notification	162988019853166	162987890653666
57	1.900000	162987890744708	162987926089666	consumed-notification	162988053189000	162987926093375
58	1.933333	162987926189208	162987962614958	consumed-notification	162988086520500	162987962618666
59	1.966667	162987962693916	162988000066583	consumed-notification	162988119862708	162988000076541
60	2.000000	162988000197041	162988018761458	consumed-notification	162988165355291	162988018764833
61	2.033333	162988018840708	162988054245750	consumed-notification	162988186516916	162988054248916
62	2.066667	162988054342875	162988091674083	consumed-notification	162988219854458	162988091677458
63	2.100000	162988091787708	162988129127916	consumed-notification	162988253179041	162988129132666
64	2.133333	162988129220166	162988164862250	consumed-notification	162988286512291	162988164865333
65	2.166667	162988164961583	162988200652791	consumed-notification	162988319864541	162988200656125
66	2.200000	162988200746000	162988236698666	consumed-notification	162988353179500	162988236702541
67	2.233333	162988236810916	162988254583458	consumed-notification	162988386524666	162988254587750
68	2.266667	162988254698666	162988290271666	consumed-notification	162988419850000	162988290277583
69	2.300000	162988290417625	162988327717250	consumed-notification	162988453191083	162988327722375
70	2.333333	162988327821375	162988365071333	consumed-notification	162988486503375	162988365076666
71	2.366667	162988365168375	162988400332750	consumed-notification	162988519850958	162988400337041
72	2.400000	162988400436375	162988419085666	consumed-notification	162988553180375	162988419089375
73	2.433333	162988419188125	162988456267875	consumed-notification	162988586511916	162988456271375
74	2.466667	162988456340500	162988492062250	consumed-notification	162988620382375	162988492066125
75	2.500000	162988492135666	162988529469458	consumed-notification	162988653183666	162988529473416
76	2.533333	162988529555125	162988565581958	consumed-notification	162988686513125	162988565585541
77	2.566667	162988565725916	162988584300208	consumed-notification	162988719845208	162988584303416
78	2.600000	162988584383583	162988640401166	consumed-notification	162988753180208	162988640410000
79	2.633333	162988640516000	162988657219583	consumed-notification	162988786508333	162988657223000
80	2.666667	162988657332125	162988692449375	consumed-notification	162988819841541	162988692453041
81	2.700000	162988692552500	162988729867333	consumed-notification	162988853175166	162988729876166
82	2.733333	162988729972333	162988767281583	consumed-notification	162988886514125	162988767285333
83	2.766667	162988767363541	162988804705375	consumed-notification	162988919857375	162988804710000
84	2.800000	162988804845375	162988821891833	consumed-notification	162988953185208	162988821895583
85	2.833333	162988821973416	162988859330208	consumed-notification	162988986510458	162988859334208
86	2.866667	162988859395833	162988896407125	consumed-notification	162989019842666	162988896409875
87	2.900000	162988896478666	162988933819916	consumed-notification	162989053176916	162988933822500
88	2.933333	162988933903458	162988951630791	consumed-notification	162989086513041	162988951634750
89	2.966667	162988951685916	162988986594625	consumed-notification	162989119858375	162988986597833
90	3.000000	162988986674583	162989042688916	consumed-notification	162989153192083	162989042692250
91	3.033333	162989042798583	162989060917250	consumed-notification	162989186514500	162989060921625
92	3.066667	162989061028125	162989096952875	consumed-notification	162989219848291	162989096956875
93	3.100000	162989097026583	162989134201916	consumed-notification	162989253176541	162989134205166
94	3.133333	162989134283583	162989152924791	consumed-notification	162989286506291	162989152928125
95	3.166667	162989153025958	162989209047541	consumed-notification	162989319857875	162989209051458
96	3.200000	162989209159916	162989227798958	consumed-notification	162989353187583	162989227802750
97	3.233333	162989227893875	162989265187041	consumed-notification	162989386508000	162989265190666
98	3.266667	162989265266000	162989283920291	consumed-notification	162989419863083	162989283924250
99	3.300000	162989284017041	162989321342583	consumed-notification	162989453175916	162989321347041
100	3.333333	162989321404791	162989358755416	consumed-notification	162989486519291	162989358758750
101	3.366667	162989358835083	162989395265083	consumed-notification	162989519842583	162989395269041
102	3.400000	162989395366958	162989432673833	consumed-notification	162989553180000	162989432676916
103	3.433333	162989432752375	162989468114250	consumed-notification	162989603181166	162989468118541
104	3.466667	162989468220541	162989486826541	consumed-notification	162989619856750	162989486829916
105	3.500000	162989486905041	162989522821375	consumed-notification	162989653177750	162989522838708
106	3.533333	162989524280875	162989558568500	consumed-notification	162989686524083	162989558572250
107	3.566667	162989558678375	162989594851916	consumed-notification	162989719850291	162989594856708
108	3.600000	162989597471958	162989629956583	consumed-notification	162989753174625	162989629966500
109	3.633333	162989631434833	162989663471500	consumed-notification	162989786520791	162989663475375
110	3.666667	162989664485166	162989697004416	consumed-notification	162989819854875	162989697008958
111	3.700000	162989699337583	162989732762625	consumed-notification	162989853175583	162989732766291
112	3.733333	162989732854083	162989751484583	consumed-notification	162989886514041	162989751488083
113	3.766667	162989751584041	162989787583166	consumed-notification	162989919851875	162989787587208
114	3.800000	162989787672166	162989824970166	consumed-notification	162989953170208	162989824973958
115	3.833333	162989825049416	162989859444750	consumed-notification	162989986529208	162989859448541
116	3.866667	162989859505500	162989895900333	consumed-notification	162990019843625	162989895919041
117	3.900000	162989896003625	162989931750625	consumed-notification	162990053181333	162989931754958
118	3.933333	162989931843750	162989950457333	consumed-notification	162990086505916	162989950459958
119	3.966667	162989950545291	162989987877125	consumed-notification	162990119836791	162989987880208
120	4.000000	162989987971416	162990024746875	consumed-notification	162990153178666	162990024751500
121	4.033333	162990024841541	162990061949458	consumed-notification	162990186505666	162990061953250
122	4.066667	162990062040500	162990097908666	consumed-notification	162990219870250	162990097912666
123	4.100000	162990097996666	162990116629208	consumed-notification	162990253172875	162990116633541
124	4.133333	162990116733333	162990154071750	consumed-notification	162990286503875	162990154076000
125	4.166667	162990154241041	162990187911666	consumed-notification	162990319838250	162990187916541
126	4.200000	162990188034833	162990224688500	consumed-notification	162990353169541	162990224692958
127	4.233333	162990224832875	162990262069958	consumed-notification	162990386501833	162990262073000
128	4.266667	162990262158708	162990296924250	consumed-notification	162990419853333	162990296927083
129	4.300000	162990297019250	162990333411208	consumed-notification	162990453172666	162990333416166
130	4.333333	162990333514583	162990351220416	consumed-notification	162990486514125	162990351224041
131	4.366667	162990351326333	162990388209416	consumed-notification	162990519850333	162990388213500
132	4.400000	162990388322750	162990424877458	consumed-notification	162990553188041	162990424881500
133	4.433333	162990424982291	162990462287500	consumed-notification	162990586518833	162990462290750
134	4.466667	162990462405000	162990499720916	consumed-notification	162990619842250	162990499724833
135	4.500000	162990499835708	162990518455791	consumed-notification	162990653171125	162990518459541
136	4.533333	162990518599958	162990555919166	consumed-notification	162990686512041	162990555923458
137	4.566667	162990556025416	162990592635291	consumed-notification	162990719838416	162990592639000
138	4.600000	162990592766041	162990626317833	consumed-notification	162990753175250	162990626321416
139	4.633333	162990626428041	162990660274083	consumed-notification	162990786521041	162990660278250
140	4.666667	162990660441250	162990695620708	consumed-notification	162990819895041	162990695625166
141	4.700000	162990695721166	162990732261208	consumed-notification	162990853168583	162990732264916
142	4.733333	162990732396583	162990750967291	consumed-notification	162990886511250	162990750971416
143	4.766667	162990751092083	162990787541291	consumed-notification	162990919837875	162990787545041
144	4.800000	162990787639833	162990823620541	consumed-notification	162990953166666	162990823624791
145	4.833333	162990823726208	162990861079125	consumed-notification	162990986503750	162990861083875
146	4.866667	162990861182333	162990896053500	consumed-notification	162991019845208	162990896057541
147	4.900000	162990896193083	162990930976375	consumed-notification	162991053173083	162990930980541
148	4.933333	162990931302375	162990965288750	consumed-notification	162991086503625	162990965292916
149	4.966667	162990965413208	162990984009000	consumed-notification	162991119841916	162990984013791
150	5.000000	162990984138541	162991018079625	consumed-notification	162991153173750	162991018083416
151	5.033333	162991018194375	162991054261208	consumed-notification	162991186503083	162991054267000
152	5.066667	162991054500791	162991091684541	consumed-notification	162991219840458	162991091688666
153	5.100000	162991091783125	162991128079375	consumed-notification	162991253194458	162991128084500
154	5.133333	162991128187458	162991164463833	consumed-notification	162991286506833	162991164468250
155	5.166667	162991164657333	162991183198333	consumed-notification	162991319843125	162991183203333
156	5.200000	162991183330333	162991218359916	consumed-notification	162991353171666	162991218364541
157	5.233333	162991218549500	162991254204083	consumed-notification	162991386502833	162991254208333
158	5.266667	162991254353250	162991290016625	consumed-notification	162991419837500	162991290021458
159	5.300000	162991290191458	162991327452875	consumed-notification	162991453175458	162991327458458
160	5.333333	162991327607375	162991364905958	consumed-notification	162991486560291	162991364910500
161	5.366667	162991365019625	162991383622541	consumed-notification	162991519837708	162991383627333
162	5.400000	162991383740333	162991420712416	consumed-notification	162991553172791	162991420717166
163	5.433333	162991420824833	162991456342875	consumed-notification	162991586502416	162991456347500
164	5.466667	162991456495625	162991493777541	consumed-notification	162991619850833	162991493782083
165	5.500000	162991493886333	162991529619500	consumed-notification	162991653180458	162991529624000
166	5.533333	162991529778166	162991567044833	consumed-notification	162991686501750	162991567049750
167	5.566667	162991567169000	162991585000416	consumed-notification	162991719839958	162991585004541
168	5.600000	162991585159000	162991620932708	consumed-notification	162991753175583	162991620936625
169	5.633333	162991621099291	162991656683250	consumed-notification	162991786512041	162991656688416
170	5.666667	162991656807708	162991694106916	consumed-notification	162991819857291	162991694111333
171	5.700000	162991694202916	162991731296208	consumed-notification	162991853183583	162991731300125
172	5.733333	162991731415583	162991750015500	consumed-notification	162991886522875	162991750018958
173	5.766667	162991750121291	162991786865708	consumed-notification	162991919837958	162991786869916
174	5.800000	162991786973500	162991824285833	consumed-notification	162991953175208	162991824289791
175	5.833333	162991824390125	162991861706666	consumed-notification	162991986508333	162991861710750
176	5.866667	162991861798708	162991899114833	consumed-notification	162992019840708	162991899119125
177	5.900000	162991899224291	162991917845541	consumed-notification	162992053178083	162991917850083
178	5.933333	162991917950333	162991954238666	consumed-notification	162992086509791	162991954242333
179	5.966667	162991954333208	162991991676208	consumed-notification	162992119838958	162991991681291
180	6.000000	162991991798875	162992028657208	consumed-notification	162992153169625	162992028661958
181	6.033333	162992028755250	162992066055208	consumed-notification	162992186496083	162992066058750
182	6.066667	162992066160958	162992084814041	consumed-notification	162992219840041	162992084818000
183	6.100000	162992084920125	162992120946750	consumed-notification	162992253169583	162992120950708
184	6.133333	162992121098458	162992158415083	consumed-notification	162992286727166	162992158421250
185	6.166667	162992158540000	162992194085041	consumed-notification	162992319833458	162992194088458
186	6.200000	162992194172916	162992229730000	consumed-notification	162992353174208	162992229734500
187	6.233333	162992229825916	162992267144333	consumed-notification	162992386509583	162992267148208
188	6.266667	162992267251041	162992285885916	consumed-notification	162992419838333	162992285889208
189	6.300000	162992285991500	162992323301333	consumed-notification	162992453164666	162992323304916
190	6.333333	162992323390000	162992360741291	consumed-notification	162992486500000	162992360745208
191	6.366667	162992360839666	162992396192458	consumed-notification	162992519841583	162992396197166
192	6.400000	162992396307666	162992432256333	consumed-notification	162992553171166	162992432260750
193	6.433333	162992432356333	162992450978250	consumed-notification	162992586502250	162992450982791
194	6.466667	162992451090666	162992484684833	consumed-notification	162992619835875	162992484688083
195	6.500000	162992484781458	162992522131041	consumed-notification	162992653164541	162992522135125
196	6.533333	162992522247541	162992559562666	consumed-notification	162992686509583	162992559567250
197	6.566667	162992559664583	162992595305375	consumed-notification	162992719854583	162992595308708
198	6.600000	162992595410458	162992632724541	consumed-notification	162992753181000	162992632728291
199	6.633333	162992632831000	162992651422625	consumed-notification	162992786504875	162992651425541
200	6.666667	162992651526250	162992687779625	consumed-notification	162992819845666	162992687783500
201	6.700000	162992687880791	162992725234458	consumed-notification	162992853164541	162992725239166
202	6.733333	162992725345750	162992761859333	consumed-notification	162992886499166	162992761863000
203	6.766667	162992761960708	162992795898875	consumed-notification	162992919862333	162992795902208
204	6.800000	162992796003708	162992833308416	consumed-notification	162992953171500	162992833312791
205	6.833333	162992833413250	162992852028250	consumed-notification	162992986551708	162992852031875
206	6.866667	162992852141791	162992887595416	consumed-notification	162993019831916	162992887599583
207	6.900000	162992887695875	162992923420541	consumed-notification	162993053172625	162992923424250
208	6.933333	162992923534000	162992960850916	consumed-notification	162993086505333	162992960855625
209	6.966667	162992960966500	162992996021000	consumed-notification	162993119831166	162992996026333
210	7.000000	162992996159458	162993033465875	consumed-notification	162993153188666	162993033471083
211	7.033333	162993033617083	162993051055791	consumed-notification	162993186499083	162993051060041
212	7.066667	162993051196625	162993086601916	consumed-notification	162993219836375	162993086606250
213	7.100000	162993086703333	162993123999708	consumed-notification	162993253158833	162993124003750
214	7.133333	162993124115583	162993161385833	consumed-notification	162993286496333	162993161388958
215	7.166667	162993161486000	162993196908166	consumed-notification	162993319828875	162993196911250
216	7.200000	162993196993750	162993234291291	consumed-notification	162993353167958	162993234294208
217	7.233333	162993234398750	162993253008416	consumed-notification	162993386531583	162993253011083
218	7.266667	162993253106625	162993288939375	consumed-notification	162993419834125	162993288943208
219	7.300000	162993289068375	162993324466666	consumed-notification	162993453178375	162993324471375
220	7.333333	162993324635666	162993359854166	consumed-notification	162993486502833	162993359857541
221	7.366667	162993359965333	162993395961541	consumed-notification	162993519835666	162993395966666
222	7.400000	162993396114166	162993432272791	consumed-notification	162993553174041	162993432278333
223	7.433333	162993432390166	162993451022250	consumed-notification	162993586497458	162993451028208
224	7.466667	162993451174791	162993488479291	consumed-notification	162993620083375	162993488484250
225	7.500000	162993488623375	162993525892958	consumed-notification	162993653160583	162993525896208
226	7.533333	162993526001083	162993563298083	consumed-notification	162993686504708	162993563301458
227	7.566667	162993563401000	162993600434125	consumed-notification	162993719838750	162993600438333
228	7.600000	162993600560750	162993619172208	consumed-notification	162993753182000	162993619177416
229	7.633333	162993619318250	162993656555333	consumed-notification	162993786499916	162993656559791
230	7.666667	162993656698083	162993693960458	consumed-notification	162993819855291	162993693964125
231	7.700000	162993694092250	162993731404875	consumed-notification	162993853195250	162993731408416
232	7.733333	162993731516625	162993767642666	consumed-notification	162993886513875	162993767646916
233	7.766667	162993767746833	162993786349208	consumed-notification	162993919847750	162993786354833
234	7.800000	162993786501875	162993823778208	consumed-notification	162993953172041	162993823783833
235	7.833333	162993823900250	162993859939958	consumed-notification	162993986507291	162993859943208
236	7.866667	162993860063000	162993896493791	consumed-notification	162994019847083	162993896498708
237	7.900000	162993896674333	162993933858958	consumed-notification	162994053152000	162993933864416
238	7.933333	162993933988833	162993951096125	consumed-notification	162994086499250	162993951102333
239	7.966667	162993951388291	162993987597666	consumed-notification	162994119836833	162993987601625
240	8.000000	162993987688958	162994023413875	consumed-notification	162994153190833	162994023417916
241	8.033333	162994023519916	162994060765041	consumed-notification	162994186531041	162994060768166
242	8.066667	162994060879416	162994098210958	consumed-notification	162994219832333	162994098215000
243	8.100000	162994098362250	162994133702666	consumed-notification	162994253173625	162994133706458
244	8.133333	162994133808916	162994152398458	consumed-notification	162994286510125	162994152401541
245	8.166667	162994152510500	162994189217958	consumed-notification	162994319866833	162994189220750
246	8.200000	162994189311416	162994226605708	consumed-notification	162994353158666	162994226608583
247	8.233333	162994226701666	162994262590541	consumed-notification	162994386507500	162994262594875
248	8.266667	162994262702500	162994300028291	consumed-notification	162994419826750	162994300032416
249	8.300000	162994300128000	162994317662000	consumed-notification	162994453174708	162994317665000
250	8.333333	162994317758708	162994354204708	consumed-notification	162994486501458	162994354208375
251	8.366667	162994354307833	162994391600166	consumed-notification	162994519844000	162994391603416
252	8.400000	162994391710833	162994429048750	consumed-notification	162994553166916	162994429052625
253	8.433333	162994429149916	162994466509625	consumed-notification	162994586509666	162994466515750
254	8.466667	162994466689875	162994485188750	consumed-notification	162994619828708	162994485192958
255	8.500000	162994485353375	162994541337708	consumed-notification	162994653168541	162994541342625
256	8.533333	162994541481666	162994558277916	consumed-notification	162994686499500	162994558283083
257	8.566667	162994558405250	162994595662916	consumed-notification	162994719840625	162994595665833
258	8.600000	162994595751041	162994631825708	consumed-notification	162994753172083	162994631830291
259	8.633333	162994631950833	162994650484458	consumed-notification	162994786499833	162994650488083
260	8.666667	162994650599208	162994685933291	consumed-notification	162994819831291	162994685936125
261	8.700000	162994686032791	162994721927500	consumed-notification	162994853158833	162994721931625
262	8.733333	162994722036416	162994758952916	consumed-notification	162994886491875	162994758957125
263	8.766667	162994759067416	162994796245583	consumed-notification	162994919822166	162994796249041
264	8.800000	162994796356458	162994832120458	consumed-notification	162994953157583	162994832123666
265	8.833333	162994832244375	162994867616166	consumed-notification	162994986486791	162994867620458
266	8.866667	162994867721833	162994885914333	consumed-notification	162995019831833	162994885917666
267	8.900000	162994886032166	162994923322666	consumed-notification	162995053169500	162994923325916
268	8.933333	162994923415333	162994959635375	consumed-notification	162995111852541	162994959638500
269	8.966667	162994959722958	162994995092166	consumed-notification	162995128165208	162994995096291
270	9.000000	162994995181500	162995032516541	consumed-notification	162995153166125	162995032520958
271	9.033333	162995032628458	162995069956208	consumed-notification	162995186511000	162995069961541
272	9.066667	162995070082083	162995107389791	consumed-notification	162995219830625	162995107393541
273	9.100000	162995107571083	162995126092375	consumed-notification	162995253165083	162995126096041
274	9.133333	162995126331750	162995163517333	consumed-notification	162995286497708	162995163521250
275	9.166667	162995163651250	162995199974666	consumed-notification	162995319903458	162995199978541
276	9.200000	162995200087333	162995217167541	consumed-notification	162995353168333	162995217171875
277	9.233333	162995217268208	162995251175708	consumed-notification	162995386505083	162995251181500
278	9.266667	162995251273875	162995288662500	consumed-notification	162995420042458	162995288667458
279	9.300000	162995288769958	162995326116833	consumed-notification	162995453182250	162995326121250
280	9.333333	162995326208208	162995362654583	consumed-notification	162995486495541	162995362660000
281	9.366667	162995362857500	162995400134250	consumed-notification	162995519872625	162995400138750
282	9.400000	162995400294708	162995418849750	consumed-notification	162995553175541	162995418852833
283	9.433333	162995418977833	162995456277541	consumed-notification	162995586526250	162995456280833
284	9.466667	162995456421125	162995492372083	consumed-notification	162995619844125	162995492379083
285	9.500000	162995492509458	162995530087083	consumed-notification	162995653163541	162995530099125
286	9.533333	162995530457250	162995563899458	consumed-notification	162995686492250	162995563909250
287	9.566667	162995564208041	162995582687125	consumed-notification	162995719822041	162995582696541
288	9.600000	162995582941791	162995637706875	consumed-notification	162995753161583	162995637711583
289	9.633333	162995637820916	162995656090541	consumed-notification	162995786860125	162995656096500
290	9.666667	162995656242625	162995693505083	consumed-notification	162995819819958	162995693508625
291	9.700000	162995693590416	162995730905916	consumed-notification	162995853164333	162995730908833
292	9.733333	162995730980625	162995749623583	consumed-notification	162995886491541	162995749628125
293	9.766667	162995749706000	162995785990916	consumed-notification	162995919825625	162995785994416
294	9.800000	162995786082750	162995823416833	consumed-notification	162995953158958	162995823420750
295	9.833333	162995823523375	162995860867250	consumed-notification	162995986492625	162995860871250
296	9.866667	162995860974666	162995898321541	consumed-notification	162996019821583	162995898324291
297	9.900000	162995898426750	162995917076500	consumed-notification	162996053156833	162995917080666
298	9.933333	162995917173416	162995954490375	consumed-notification	162996086488333	162995954494250
299	9.966667	162995954577750	162995991912250	consumed-notification	162996119827375	162995991916375
300	10.000000	162995991999000	162996029355458	consumed-notification	162996153163708	162996029359083
301	10.033333	162996029476291	162996065804208	consumed-notification	162996186495541	162996065806958
302	10.066667	162996065906333	162996084545291	consumed-notification	162996219826125	162996084549250
303	10.100000	162996084664291	162996121982458	consumed-notification	162996253161125	162996121986875
304	10.133333	162996122090458	162996159407958	consumed-notification	162996286486041	162996159411500
305	10.166667	162996159488583	162996196860750	consumed-notification	162996319824791	162996196864583
306	10.200000	162996196960375	162996234277000	consumed-notification	162996353157208	162996234281041
307	10.233333	162996234390041	162996253027583	consumed-notification	162996386517291	162996253031166
308	10.266667	162996253131958	162996290094250	consumed-notification	162996419828791	162996290097708
309	10.300000	162996290192916	162996327493083	consumed-notification	162996453162833	162996327496958
310	10.333333	162996327558500	162996364916416	consumed-notification	162996486492791	162996364920333
311	10.366667	162996364990625	162996383634250	consumed-notification	162996519825750	162996383639416
312	10.400000	162996383726041	162996421065916	consumed-notification	162996553159708	162996421069583
313	10.433333	162996421158708	162996458500375	consumed-notification	162996586489125	162996458504833
314	10.466667	162996458621791	162996495932958	consumed-notification	162996619825250	162996495937375
315	10.500000	162996496067208	162996533340791	consumed-notification	162996653161125	162996533344750
316	10.533333	162996533410500	162996551581750	consumed-notification	162996686490583	162996551585291
317	10.566667	162996551672375	162996589000250	consumed-notification	162996719830541	162996589003958
318	10.600000	162996589082541	162996626420291	consumed-notification	162996753158666	162996626424083
319	10.633333	162996626524041	162996662350833	consumed-notification	162996786487500	162996662355000
320	10.666667	162996662436916	162996699790708	consumed-notification	162996819823750	162996699795375
321	10.700000	162996700480666	162996718479166	consumed-notification	162996853155916	162996718482375
322	10.733333	162996718622000	162996755889666	consumed-notification	162996886489250	162996755893041
323	10.766667	162996755974125	162996792396875	consumed-notification	162996919853958	162996792401541
324	10.800000	162996792459416	162996829673958	consumed-notification	162996953154875	162996829679208
325	10.833333	162996829791833	162996865647125	consumed-notification	162996986490750	162996865654375
326	10.866667	162996865755375	162996884372458	consumed-notification	162997019822000	162996884376750
327	10.900000	162996884475125	162996919947500	consumed-notification	162997053173666	162996919951041
328	10.933333	162996920040708	162996957025250	consumed-notification	162997086640333	162996957029458
329	10.966667	162996957113125	162996992830958	consumed-notification	162997119814625	162996992834125
330	11.000000	162996992925708	162997029676875	consumed-notification	162997153148833	162997029680458
331	11.033333	162997029783666	162997066634916	consumed-notification	162997186486416	162997066637666
332	11.066667	162997066724583	162997084211750	consumed-notification	162997219820916	162997084214208
333	11.100000	162997084310416	162997121104916	consumed-notification	162997253147458	162997121107708
334	11.133333	162997121183166	162997158507083	consumed-notification	162997286987708	162997158509291
335	11.166667	162997158592791	162997194556291	consumed-notification	162997319813083	162997194558708
336	11.200000	162997194627291	162997230619416	consumed-notification	162997353151166	162997230623250
337	11.233333	162997230691166	162997249326125	consumed-notification	162997386492458	162997249328958
338	11.266667	162997249408041	162997286743250	consumed-notification	162997419822083	162997286746958
339	11.300000	162997286847541	162997323407791	consumed-notification	162997453149875	162997323411458
340	11.333333	162997323482833	162997360822875	consumed-notification	162997486486583	162997360826333
341	11.366667	162997360891666	162997397979666	consumed-notification	162997519823000	162997397982875
342	11.400000	162997398113583	162997433771083	consumed-notification	162997553152541	162997433774083
343	11.433333	162997433870750	162997450655708	consumed-notification	162997586485458	162997450659083
344	11.466667	162997450815000	162997488053250	consumed-notification	162997619813875	162997488056250
345	11.500000	162997488138041	162997525452458	consumed-notification	162997653156250	162997525455750
346	11.533333	162997525545833	162997562854500	consumed-notification	162997686478083	162997562857750
347	11.566667	162997562940083	162997599583875	consumed-notification	162997719811208	162997599587166
348	11.600000	162997599673666	162997618306000	consumed-notification	162997753146541	162997618309416
349	11.633333	162997618384375	162997655713458	consumed-notification	162997786480125	162997655717000
350	11.666667	162997655789458	162997690070250	consumed-notification	162997819813250	162997690073500
351	11.700000	162997690154291	162997727482833	consumed-notification	162997853145708	162997727485875
352	11.733333	162997727575041	162997763223250	consumed-notification	162997886477750	162997763227708
353	11.766667	162997763295750	162997799307958	consumed-notification	162997919810083	162997799311166
354	11.800000	162997799378708	162997817331375	consumed-notification	162997953147333	162997817334375
355	11.833333	162997817419166	162997853392625	consumed-notification	162997986480458	162997853395750
356	11.866667	162997853454166	162997890098125	consumed-notification	162998019817958	162997890101083
357	11.900000	162997890160500	162997927499791	consumed-notification	162998053150666	162997927503000
358	11.933333	162997927551083	162997964873291	consumed-notification	162998086482250	162997964876791
359	11.966667	162997964940041	162998000953291	consumed-notification	162998119820625	162998000956666
360	12.000000	162998001026083	162998018113916	consumed-notification	162998153151666	162998018119291
361	12.033333	162998018250958	162998054604000	consumed-notification	162998186486250	162998054610291
362	12.066667	162998054744708	162998091957000	consumed-notification	162998219820833	162998091962750
363	12.100000	162998092095375	162998127861166	consumed-notification	162998253157791	162998127867500
364	12.133333	162998127993958	162998164499333	consumed-notification	162998286478166	162998164506375
365	12.166667	162998164659666	162998183212958	consumed-notification	162998319822041	162998183218166
366	12.200000	162998183418791	162998218728250	consumed-notification	162998353149333	162998218734541
367	12.233333	162998218877041	162998252667458	consumed-notification	162998386487791	162998252673708
368	12.266667	162998252866916	162998288602958	consumed-notification	162998419818000	162998288606750
369	12.300000	162998288686875	162998326058541	consumed-notification	162998453163000	162998326065208
370	12.333333	162998326196666	162998362996208	consumed-notification	162998486483375	162998363002375
371	12.366667	162998363177125	162998400472666	consumed-notification	162998519838416	162998400479541
372	12.400000	162998400816041	162998418903750	consumed-notification	162998553148708	162998418909708
373	12.433333	162998419070041	162998453448125	consumed-notification	162998586480625	162998453454375
374	12.466667	162998453667416	162998489723041	consumed-notification	162998619815750	162998489729291
375	12.500000	162998489935125	162998526268875	consumed-notification	162998653169708	162998526274416
376	12.533333	162998526441666	162998563668875	consumed-notification	162998686483583	162998563675000
377	12.566667	162998563822416	162998601117500	consumed-notification	162998719839166	162998601123416
378	12.600000	162998601257875	162998618230458	consumed-notification	162998753145041	162998618237000
379	12.633333	162998618429541	162998655731833	consumed-notification	162998786476166	162998655737666
380	12.666667	162998655909500	162998691093791	consumed-notification	162998819806375	162998691099708
381	12.700000	162998691237000	162998727612000	consumed-notification	162998853140250	162998727618166
382	12.733333	162998727821500	162998762123875	consumed-notification	162998886478250	162998762129833
383	12.766667	162998762340041	162998799519541	consumed-notification	162998919819875	162998799523000
384	12.800000	162998799595625	162998818229416	consumed-notification	162998953184625	162998818232416
385	12.833333	162998818313916	162998855643958	consumed-notification	162998986484000	162998855646750
386	12.866667	162998855722208	162998893021416	consumed-notification	162999019809958	162998893023958
387	12.900000	162998893096166	162998929728333	consumed-notification	162999053154291	162998929733833
388	12.933333	162998929877208	162998965101583	consumed-notification	162999086480458	162998965107125
389	12.966667	162998965364208	162999000192125	consumed-notification	162999119821208	162999000197791
390	13.000000	162999000334166	162999017628000	consumed-notification	162999153166666	162999017632625
391	13.033333	162999017780041	162999054140541	consumed-notification	162999186477750	162999054146500
392	13.066667	162999054280375	162999090602750	consumed-notification	162999219813166	162999090609000
393	13.100000	162999090716958	162999126636041	consumed-notification	162999253145958	162999126647916
394	13.133333	162999126783708	162999163643791	consumed-notification	162999286479958	162999163647833
395	13.166667	162999163729041	162999200876041	consumed-notification	162999319807250	162999200879166
396	13.200000	162999200939041	162999219595166	consumed-notification	162999353139916	162999219599250
397	13.233333	162999219680458	162999256255250	consumed-notification	162999386480041	162999256258583
398	13.266667	162999256316625	162999292086875	consumed-notification	162999419811000	162999292090250
399	13.300000	162999292150208	162999328806333	consumed-notification	162999453144000	162999328809375
400	13.333333	162999328889541	162999366201416	consumed-notification	162999486493041	162999366204000
401	13.366667	162999366278166	162999384982833	consumed-notification	162999519816041	162999384988166
402	13.400000	162999385223958	162999420157375	consumed-notification	162999553150458	162999420164041
403	13.433333	162999420459958	162999456674291	consumed-notification	162999586484875	162999456679875
404	13.466667	162999456890041	162999493053208	consumed-notification	162999619814083	162999493059541
405	13.500000	162999493285083	162999530304333	consumed-notification	162999653147708	162999530308291
406	13.533333	162999530413500	162999566338083	consumed-notification	162999686480250	162999566343208
407	13.566667	162999566490083	162999585072666	consumed-notification	162999719812958	162999585078500
408	13.600000	162999585213041	162999619912541	consumed-notification	162999753165041	162999619918125
409	13.633333	162999620242208	162999656786291	consumed-notification	162999786478041	162999656791958
410	13.666667	162999656935250	162999693831625	consumed-notification	162999819809125	162999693839625
411	13.700000	162999694026875	162999729640500	consumed-notification	162999853141750	162999729643833
412	13.733333	162999729729083	162999767099250	consumed-notification	162999886476916	162999767104791
413	13.766667	162999767319166	162999785136125	consumed-notification	162999919811000	162999785140875
414	13.800000	162999785359541	162999821217375	consumed-notification	162999953146500	162999821222875
415	13.833333	162999821449416	162999858625666	consumed-notification	162999986501375	162999858631083
416	13.866667	162999858767041	162999894540791	consumed-notification	163000020483750	162999894546291
417	13.900000	162999894749208	162999929897708	consumed-notification	163000053149166	162999929903166
418	13.933333	162999930052375	162999964817875	consumed-notification	163000086482041	162999964823166
419	13.966667	162999965018708	162999983543166	consumed-notification	163000119805791	162999983548666
420	14.000000	162999983762250	163000019657458	consumed-notification	163000153136500	163000019664958
421	14.033333	163000020331833	163000056052000	consumed-notification	163000186476291	163000056055208
422	14.066667	163000056122750	163000091527250	consumed-notification	163000219803666	163000091530708
423	14.100000	163000091637458	163000128926541	consumed-notification	163000253139000	163000128929791
424	14.133333	163000129000500	163000166317000	consumed-notification	163000286471083	163000166320041
425	14.166667	163000166415791	163000185017166	consumed-notification	163000319806500	163000185019666
426	14.200000	163000185081625	163000222264291	consumed-notification	163000353138166	163000222266916
427	14.233333	163000222361458	163000259678291	consumed-notification	163000386469583	163000259681541
428	14.266667	163000259769875	163000293924666	consumed-notification	163000419802041	163000293927750
429	14.300000	163000294000333	163000329784333	consumed-notification	163000453140250	163000329787916
430	14.333333	163000329897375	163000367205583	consumed-notification	163000486482875	163000367209708
431	14.366667	163000367313708	163000384357250	consumed-notification	163000519813208	163000384364666
432	14.400000	163000384474708	163000421766083	consumed-notification	163000553141625	163000421769708
433	14.433333	163000421844208	163000459154125	consumed-notification	163000586477541	163000459158458
434	14.466667	163000459228458	163000496649625	consumed-notification	163000619811875	163000496655500
435	14.500000	163000496824875	163000534069708	consumed-notification	163000653169458	163000534074750
436	14.533333	163000534235750	163000552614166	consumed-notification	163000686479416	163000552618875
437	14.566667	163000552766875	163000588853458	consumed-notification	163000719813958	163000588858333
438	14.600000	163000589020916	163000626194208	consumed-notification	163000753143125	163000626200791
439	14.633333	163000626346041	163000663684291	consumed-notification	163000786481750	163000663690291
440	14.666667	163000663860625	163000699556791	consumed-notification	163000819804375	163000699563000
441	14.700000	163000699728750	163000718328750	consumed-notification	163000853154333	163000718333833
442	14.733333	163000718542541	163000754618125	consumed-notification	163000886473625	163000754622500
443	14.766667	163000754783125	163000791358875	consumed-notification	163000919819958	163000791365125
444	14.800000	163000791535958	163000827732083	consumed-notification	163000953398375	163000827737291
445	14.833333	163000827890541	163000861704375	consumed-notification	163000986481208	163000861710208
446	14.866667	163000861859791	163000898498791	consumed-notification	163001019813708	163000898504541
447	14.900000	163000898703666	163000917222125	consumed-notification	163001053138916	163000917227916
448	14.933333	163000917427125	163000952523041	consumed-notification	163001086478125	163000952557041
449	14.966667	163000952896000	163000989936708	consumed-notification	163001119816000	163000989942416
450	15.000000	163000990158000	163001026082500	consumed-notification	163001154076916	163001026089333
451	15.033333	163001026340625	163001060896625	consumed-notification	163001186489458	163001060903333
452	15.066667	163001061790708	163001097932625	consumed-notification	163001219803375	163001097937916
453	15.100000	163001098098791	163001116647666	consumed-notification	163001253137583	163001116652291
454	15.133333	163001116792458	163001153656041	consumed-notification	163001286488708	163001153661875
455	15.166667	163001155191000	163001188403833	consumed-notification	163001319809166	163001188410541
456	15.200000	163001188664291	163001224899916	consumed-notification	163001353143916	163001224905791
457	15.233333	163001225057791	163001261609666	consumed-notification	163001386491833	163001261615333
458	15.266667	163001261831583	163001295325791	consumed-notification	163001419830958	163001295333041
459	15.300000	163001295717333	163001330053708	consumed-notification	163001453141375	163001330060083
460	15.333333	163001330306250	163001364351166	consumed-notification	163001486471708	163001364357333
461	15.366667	163001364543250	163001398870500	consumed-notification	163001519811875	163001398878625
462	15.400000	163001399088583	163001417642583	consumed-notification	163001553146416	163001417648583
463	15.433333	163001417847625	163001454677791	consumed-notification	163001586480166	163001454683250
464	15.466667	163001454858416	163001490135333	consumed-notification	163001619809833	163001490141375
465	15.500000	163001490336166	163001527599583	consumed-notification	163001653146250	163001527605958
466	15.533333	163001527756250	163001563806041	consumed-notification	163001686474875	163001563812625
467	15.566667	163001564114250	163001599437125	consumed-notification	163001719804375	163001599443916
468	15.600000	163001599671250	163001616530458	consumed-notification	163001753134500	163001616535625
469	15.633333	163001616843166	163001652594083	consumed-notification	163001786472125	163001652603541
470	15.666667	163001652879333	163001689959250	consumed-notification	163001819803666	163001689965416
471	15.700000	163001690182875	163001725963625	consumed-notification	163001853134416	163001725969625
472	15.733333	163001726141125	163001762022375	consumed-notification	163001886473916	163001762028458
473	15.766667	163001762214916	163001798397333	consumed-notification	163001919804000	163001798403250
474	15.800000	163001798614666	163001834283000	consumed-notification	163001953134000	163001834290416
475	15.833333	163001834626208	163001851949750	consumed-notification	163001986472291	163001851954833
476	15.866667	163001852242291	163001889448416	consumed-notification	163002019794708	163001889454291
477	15.900000	163001889621125	163001923472708	consumed-notification	163002053138750	163001923479291
478	15.933333	163001923875708	163001959670583	consumed-notification	163002090633500	163001959674041
479	15.966667	163001959761250	163001997088333	consumed-notification	163002123962833	163001997091666
480	16.000000	163001997168833	163002034497000	consumed-notification	163002157321458	163002034500833
481	16.033333	163002034599958	163002053218833	consumed-notification	163002190640416	163002053221583
482	16.066667	163002053341500	163002090638833	consumed-notification	163002223976791	163002090642125
483	16.100000	163002090743041	163002126226958	consumed-notification	163002257300166	163002126230125
484	16.133333	163002126308625	163002162197416	consumed-notification	163002290643333	163002162200666
485	16.166667	163002162331500	163002180925333	consumed-notification	163002323979583	163002180929458
486	16.200000	163002181031791	163002218342500	consumed-notification	163002357303666	163002218345583
487	16.233333	163002218468750	163002255802916	consumed-notification	163002390631166	163002255807291
488	16.266667	163002255895000	163002292473958	consumed-notification	163002423982625	163002292477666
489	16.300000	163002292577083	163002328145958	consumed-notification	163002457326458	163002328149791
490	16.333333	163002328215166	163002346866333	consumed-notification	163002490636875	163002346870333
491	16.366667	163002346920666	163002383411166	consumed-notification	163002523968458	163002383413916
492	16.400000	163002383507833	163002420849583	consumed-notification	163002557306500	163002420853333
493	16.433333	163002420951625	163002458407458	consumed-notification	163002590632208	163002458421958
494	16.466667	163002458814958	163002495815375	consumed-notification	163002623972083	163002495819291
495	16.500000	163002495908500	163002514541333	consumed-notification	163002657308291	163002514545250
496	16.533333	163002514689416	163002551945875	consumed-notification	163002690640500	163002551949500
497	16.566667	163002552046625	163002588743541	consumed-notification	163002723965583	163002588747041
498	16.600000	163002588817416	163002624839833	consumed-notification	163002757298208	163002624843041
499	16.633333	163002624922666	163002660604250	consumed-notification	163002790636291	163002660608708
500	16.666667	163002660732875	163002679320875	consumed-notification	163002823964875	163002679325333
501	16.700000	163002679433166	163002715741000	consumed-notification	163002857296791	163002715749541
502	16.733333	163002715884666	163002751363208	consumed-notification	163002890624916	163002751366666
503	16.766667	163002751467375	163002787963375	consumed-notification	163002923962208	163002787966708
504	16.800000	163002788031875	163002825357666	consumed-notification	163002957302083	163002825361000
505	16.833333	163002825451583	163002862764000	consumed-notification	163002990638208	163002862767500
506	16.866667	163002862856041	163002880794916	consumed-notification	163003023976041	163002880798750
507	16.900000	163002880904416	163002916609750	consumed-notification	163003057314250	163002916613041
508	16.933333	163002916698166	163002953103541	consumed-notification	163003090639208	163002953107750
509	16.966667	163002953215000	163002990147916	consumed-notification	163003123961416	163002990154333
510	17.000000	163002990324958	163003026912833	consumed-notification	163003157306375	163003026918500
511	17.033333	163003027057833	163003045485250	consumed-notification	163003190633166	163003045490000
512	17.066667	163003045704708	163003082060875	consumed-notification	163003223962083	163003082063791
513	17.100000	163003082149125	163003119289458	consumed-notification	163003257298583	163003119292916
514	17.133333	163003119369625	163003154764416	consumed-notification	163003290631250	163003154767625
515	17.166667	163003154849166	163003190794291	consumed-notification	163003323958000	163003190797250
516	17.200000	163003190882041	163003226993208	consumed-notification	163003357333541	163003226996416
517	17.233333	163003227115583	163003245158791	consumed-notification	163003390634791	163003245162916
518	17.266667	163003245222291	163003282589125	consumed-notification	163003423976291	163003282592375
519	17.300000	163003282722166	163003318032583	consumed-notification	163003457294833	163003318035416
520	17.333333	163003318112000	163003353917958	consumed-notification	163003490631208	163003353923875
521	17.366667	163003354070708	163003391058875	consumed-notification	163003523964416	163003391065250
522	17.400000	163003391219541	163003427984000	consumed-notification	163003557307958	163003427991458
523	17.433333	163003428161166	163003462614583	consumed-notification	163003590629291	163003462618416
524	17.466667	163003462693958	163003481309583	consumed-notification	163003623984750	163003481314000
525	17.500000	163003482327541	163003518734500	consumed-notification	163003657301458	163003518738041
526	17.533333	163003518817125	163003555037000	consumed-notification	163003690636583	163003555040708
527	17.566667	163003555123750	163003591744208	consumed-notification	163003723981791	163003591746791
528	17.600000	163003591877416	163003627656375	consumed-notification	163003757301666	163003627662125
529	17.633333	163003627883000	163003646379708	consumed-notification	163003790701875	163003646384458
530	17.666667	163003646621500	163003682296791	consumed-notification	163003823969916	163003682302208
531	17.700000	163003682635125	163003717807541	consumed-notification	163003857297791	163003717813583
532	17.733333	163003718454291	163003752892833	consumed-notification	163003890626916	163003752898791
533	17.766667	163003753141958	163003787510791	consumed-notification	163003923961791	163003787516458
534	17.800000	163003787704791	163003822539000	consumed-notification	163003957310333	163003822549958
535	17.833333	163003822798375	163003858225041	consumed-notification	163003990653708	163003858231833
536	17.866667	163003858762208	163003893937375	consumed-notification	163004023965708	163003893943666
537	17.900000	163003894198791	163003912322958	consumed-notification	163004057326208	163003912328500
538	17.933333	163003912515375	163003947426500	consumed-notification	163004090644041	163003947432250
539	17.966667	163003947595041	163003984509541	consumed-notification	163004124034250	163003984516916
540	18.000000	163003984719458	163004021483458	consumed-notification	163004157318208	163004021490333
541	18.033333	163004021802916	163004058239833	consumed-notification	163004190654000	163004058248041
542	18.066667	163004058596416	163004091986416	consumed-notification	163004224030541	163004091993708
543	18.100000	163004092214375	163004127485333	consumed-notification	163004257298625	163004127492291
544	18.133333	163004127689083	163004163255541	consumed-notification	163004290633583	163004163262958
545	18.166667	163004163504708	163004181882000	consumed-notification	163004323954875	163004181887125
546	18.200000	163004182078000	163004217225250	consumed-notification	163004357306666	163004217232000
547	18.233333	163004217478625	163004253723125	consumed-notification	163004390635208	163004253726833
548	18.266667	163004253810750	163004289348041	consumed-notification	163004423956208	163004289351416
549	18.300000	163004289457416	163004323852291	consumed-notification	163004457301541	163004323855083
550	18.333333	163004323937000	163004359378250	consumed-notification	163004490643916	163004359381541
551	18.366667	163004359450458	163004393742375	consumed-notification	163004523989833	163004393744541
552	18.400000	163004393805333	163004412463291	consumed-notification	163004557298875	163004412466083
553	18.433333	163004412557291	163004448475833	consumed-notification	163004590640875	163004448478333
554	18.466667	163004448555041	163004485847166	consumed-notification	163004623968791	163004485849666
555	18.500000	163004485950000	163004523384291	consumed-notification	163004657290791	163004523391833
556	18.533333	163004523660916	163004559733083	consumed-notification	163004690630291	163004559739625
557	18.566667	163004559909041	163004578458875	consumed-notification	163004723992916	163004578464208
558	18.600000	163004578657916	163004614318541	consumed-notification	163004757305791	163004614324583
559	18.633333	163004614586916	163004649036083	consumed-notification	163004790637625	163004649040125
560	18.666667	163004649172458	163004683934208	consumed-notification	163004823983541	163004683937541
561	18.700000	163004684059958	163004721230666	consumed-notification	163004857296375	163004721236458
562	18.733333	163004721417958	163004756685708	consumed-notification	163004890627750	163004756691416
563	18.766667	163004756892000	163004792952125	consumed-notification	163004923953125	163004792957791
564	18.800000	163004793147791	163004811705750	consumed-notification	163004957295791	163004811710416
565	18.833333	163004811879125	163004849200041	consumed-notification	163004990641375	163004849205916
566	18.866667	163004849328041	163004886572458	consumed-notification	163005024002291	163004886575500
567	18.900000	163004886655875	163004923959291	consumed-notification	163005057305458	163004923962583
568	18.933333	163004924050500	163004960921958	consumed-notification	163005090636208	163004960925250
569	18.966667	163004960998500	163004979686458	consumed-notification	163005123969458	163004979691458
570	19.000000	163004979882958	163005015278416	consumed-notification	163005157296875	163005015283916
571	19.033333	163005015554041	163005050446000	consumed-notification	163005190634291	163005050452250
572	19.066667	163005050654208	163005086077916	consumed-notification	163005223961208	163005086084291
573	19.100000	163005086433916	163005122767625	consumed-notification	163005257294041	163005122773791
574	19.133333	163005122927458	163005159407041	consumed-notification	163005290627166	163005159413208
575	19.166667	163005159578166	163005195418958	consumed-notification	163005323968958	163005195424750
576	19.200000	163005195611041	163005213281875	consumed-notification	163005357291666	163005213287333
577	19.233333	163005213472750	163005250078333	consumed-notification	163005390626208	163005250084458
578	19.266667	163005250543583	163005287374458	consumed-notification	163005423956916	163005287380208
579	19.300000	163005287650625	163005324323625	consumed-notification	163005457286083	163005324329083
580	19.333333	163005324466208	163005358457416	consumed-notification	163005490621916	163005358462000
581	19.366667	163005358544583	163005395851333	consumed-notification	163005523964208	163005395854250
582	19.400000	163005395931500	163005414541291	consumed-notification	163005557333291	163005414543625
583	19.433333	163005414608625	163005451127166	consumed-notification	163005590641333	163005451129666
584	19.466667	163005451205250	163005488518208	consumed-notification	163005623961625	163005488521541
585	19.500000	163005488607833	163005525683916	consumed-notification	163005657294625	163005525690291
586	19.533333	163005525904166	163005562996166	consumed-notification	163005690651916	163005563002083
587	19.566667	163005563162541	163005580221375	consumed-notification	163005723963458	163005580227041
588	19.600000	163005580420208	163005617108375	consumed-notification	163005757294458	163005617115166
589	19.633333	163005617363375	163005654576375	consumed-notification	163005790628000	163005654582333
590	19.666667	163005654798958	163005690743458	consumed-notification	163005823960833	163005690752791
591	19.700000	163005691046166	163005725260333	consumed-notification	163005857301083	163005725266250
592	19.733333	163005725643125	163005760980416	consumed-notification	163005890642416	163005760986333
593	19.766667	163005761171833	163005795198291	consumed-notification	163005923974041	163005795203875
594	19.800000	163005795406500	163005813961708	consumed-notification	163005957295375	163005813967333
595	19.833333	163005814177916	163005849403958	consumed-notification	163005990638583	163005849409708
596	19.866667	163005849593666	163005883549833	consumed-notification	163006023971291	163005883556041
597	19.900000	163005883803625	163005918117750	consumed-notification	163006057315708	163005918129000
598	19.933333	163005918577458	163005953908500	consumed-notification	163006090633375	163005953914833
599	19.966667	163005954079708	163005990982208	consumed-notification	163006123962750	163005990988833
600	20.000000	163005991152916	163006027134458	consumed-notification	163006157297791	163006027140958
601	20.033333	163006027321708	163006045748750	consumed-notification	163006190619916	163006045754708
602	20.066667	163006045961625	163006082031958	consumed-notification	163006223952791	163006082038166
603	20.100000	163006082428250	163006116692166	consumed-notification	163006257288375	163006116698541
604	20.133333	163006116940333	163006151942208	consumed-notification	163006290626458	163006151948166
605	20.166667	163006152159875	163006188010875	consumed-notification	163006323986791	163006188016041
606	20.200000	163006188134041	163006225383416	consumed-notification	163006357292000	163006225386125
607	20.233333	163006225467500	163006262742458	consumed-notification	163006390625041	163006262744583
608	20.266667	163006262817791	163006281421583	consumed-notification	163006423957083	163006281424875
609	20.300000	163006281471666	163006317682625	consumed-notification	163006457299083	163006317685000
610	20.333333	163006317726583	163006354011416	consumed-notification	163006490624416	163006354014083
611	20.366667	163006354083250	163006391537958	consumed-notification	163006523973583	163006391544583
612	20.400000	163006391810291	163006425406583	consumed-notification	163006557306500	163006425412500
613	20.433333	163006425574666	163006461039458	consumed-notification	163006590674458	163006461045208
614	20.466667	163006461217625	163006479764541	consumed-notification	163006623956291	163006479770333
615	20.500000	163006479990125	163006516576541	consumed-notification	163006657299291	163006516582541
616	20.533333	163006516757541	163006550773708	consumed-notification	163006690639708	163006550779416
617	20.566667	163006550917958	163006586555375	consumed-notification	163006724054708	163006586560916
618	20.600000	163006586723875	163006623051750	consumed-notification	163006757303708	163006623057125
619	20.633333	163006623219250	163006659460666	consumed-notification	163006790628708	163006659466750
620	20.666667	163006659719625	163006696231833	consumed-notification	163006823956250	163006696237833
621	20.700000	163006696434625	163006713599708	consumed-notification	163006857298333	163006713604833
622	20.733333	163006713967250	163006750452958	consumed-notification	163006890624375	163006750459000
623	20.766667	163006750742166	163006786781375	consumed-notification	163006923971458	163006786787041
624	20.800000	163006786949875	163006823552250	consumed-notification	163006957293583	163006823558375
625	20.833333	163006823840291	163006858538125	consumed-notification	163006990623541	163006858544291
626	20.866667	163006858884583	163006895976291	consumed-notification	163007023964500	163006895981958
627	20.900000	163006896456208	163006913174791	consumed-notification	163007057293083	163006913180541
628	20.933333	163006913334875	163006950626416	consumed-notification	163007090638416	163006950632500
629	20.966667	163006950842041	163006985608958	consumed-notification	163007123994375	163006985612625
630	21.000000	163006985731333	163007022687083	consumed-notification	163007157298291	163007022692250
631	21.033333	163007022898708	163007057375625	consumed-notification	163007190632708	163007057381083
632	21.066667	163007057634833	163007092092500	consumed-notification	163007223963666	163007092098750
633	21.100000	163007092446083	163007128239833	consumed-notification	163007257299458	163007128246375
634	21.133333	163007128576208	163007147039458	consumed-notification	163007290654166	163007147045041
635	21.166667	163007147366666	163007183733333	consumed-notification	163007323961041	163007183738666
636	21.200000	163007183906625	163007219492000	consumed-notification	163007357314500	163007219495833
637	21.233333	163007219589958	163007256800250	consumed-notification	163007390628500	163007256803833
638	21.266667	163007256919833	163007294396583	consumed-notification	163007423969333	163007294410500
639	21.300000	163007294667708	163007312575875	consumed-notification	163007457293416	163007312582458
640	21.333333	163007312787125	163007349234791	consumed-notification	163007490622000	163007349241416
641	21.366667	163007349779500	163007384314333	consumed-notification	163007523966500	163007384319916
642	21.400000	163007384503041	163007420265750	consumed-notification	163007557294166	163007420272583
643	21.433333	163007420427583	163007457730041	consumed-notification	163007590631375	163007457735750
644	21.466667	163007457889208	163007494539791	consumed-notification	163007623964791	163007494546041
645	21.500000	163007494743708	163007530038291	consumed-notification	163007657858875	163007530044541
646	21.533333	163007530282416	163007548724583	consumed-notification	163007690618208	163007548731375
647	21.566667	163007549663416	163007585516250	consumed-notification	163007723960000	163007585521666
648	21.600000	163007585664250	163007620000708	consumed-notification	163007757291791	163007620006416
649	21.633333	163007620179541	163007656804625	consumed-notification	163007790624000	163007656810500
650	21.666667	163007657040000	163007693368291	consumed-notification	163007823949625	163007693374208
651	21.700000	163007693610625	163007729242458	consumed-notification	163007857285625	163007729248541
652	21.733333	163007729603083	163007747534291	consumed-notification	163007890612666	163007747540041
653	21.766667	163007747740833	163007783819750	consumed-notification	163007923954375	163007783827041
654	21.800000	163007784089083	163007820572541	consumed-notification	163007957280250	163007820575625
655	21.833333	163007820666000	163007855721041	consumed-notification	163007990640916	163007855723666
656	21.866667	163007855810708	163007893095583	consumed-notification	163008023950750	163007893097791
657	21.900000	163007893176500	163007911795166	consumed-notification	163008057302833	163007911798375
658	21.933333	163007911876875	163007949024625	consumed-notification	163008090634000	163007949027375
659	21.966667	163007949099500	163007986229958	consumed-notification	163008124010416	163007986235041
660	22.000000	163007986422666	163008022434666	consumed-notification	163008157292500	163008022445916
661	22.033333	163008024315625	163008059889708	consumed-notification	163008190632750	163008059895500
662	22.066667	163008060043125	163008078615625	consumed-notification	163008224000458	163008078621291
663	22.100000	163008078722583	163008114637000	consumed-notification	163008257393000	163008114642583
664	22.133333	163008114796375	163008150146708	consumed-notification	163008290631666	163008150152291
665	22.166667	163008150300750	163008185654500	consumed-notification	163008323975916	163008185660208
666	22.200000	163008185954291	163008223238208	consumed-notification	163008353110041	163008223245625
667	22.233333	163008223675500	163008259672083	consumed-notification	163008386449666	163008259682083
668	22.266667	163008263210958	163008313033375	consumed-notification	163008420056583	163008313038750
669	22.300000	163008313174375	163008348796125	consumed-notification	163008453122375	163008348800250
670	22.333333	163008348883000	163008365619166	consumed-notification	163008486444333	163008365623458
671	22.366667	163008365714000	163008421140666	consumed-notification	163008519781750	163008421144541
672	22.400000	163008421245916	163008421330416	consumed-notification	163008553118958	163008421332916
673	22.433333	163008421389750	163008458547958	consumed-notification	163008586958791	163008458551416
674	22.466667	163008458645791	163008494851250	consumed-notification	163008619801875	163008494854958
675	22.500000	163008494943208	163008531765000	consumed-notification	163008653139000	163008531768916
676	22.533333	163008531866333	163008550468958	consumed-notification	163008686456625	163008550472958
677	22.566667	163008550545083	163008586059083	consumed-notification	163008719820583	163008586062041
678	22.600000	163008586152833	163008623543166	consumed-notification	163008753144458	163008623552500
679	22.633333	163008623745625	163008661056583	consumed-notification	163008786493500	163008661063833
680	22.666667	163008661535250	163008696770333	consumed-notification	163008819822833	163008696778666
681	22.700000	163008697014208	163008730600291	consumed-notification	163008853136666	163008730607250
682	22.733333	163008731933916	163008765887958	consumed-notification	163008886537083	163008765894250
683	22.766667	163008766089791	163008784676208	consumed-notification	163008919790458	163008784685750
684	22.800000	163008784938250	163008820748208	consumed-notification	163008953121708	163008820754708
685	22.833333	163008821143333	163008857151625	consumed-notification	163008986453208	163008857157208
686	22.866667	163008857375250	163008892750958	consumed-notification	163009019785541	163008892757000
687	22.900000	163008892933500	163008946912583	consumed-notification	163009053117958	163008946917041
688	22.933333	163008947178750	163008963811000	consumed-notification	163009086460333	163008963814291
689	22.966667	163008964247916	163009001234375	consumed-notification	163009119788958	163009001237291
690	23.000000	163009001330041	163009019862083	consumed-notification	163009153117166	163009019866000
691	23.033333	163009019933250	163009056049958	consumed-notification	163009186451375	163009056055666
692	23.066667	163009056242583	163009092313416	consumed-notification	163009219797125	163009092318958
693	23.100000	163009092478833	163009128241083	consumed-notification	163009253117458	163009128248375
694	23.133333	163009128400625	163009164968416	consumed-notification	163009286466041	163009164973833
695	23.166667	163009165158625	163009183642000	consumed-notification	163009319784000	163009183647083
696	23.200000	163009184016875	163009218346541	consumed-notification	163009353114125	163009218352250
697	23.233333	163009218609708	163009253218875	consumed-notification	163009386457083	163009253222666
698	23.266667	163009253311083	163009290607708	consumed-notification	163009419775916	163009290611625
699	23.300000	163009290682041	163009328011333	consumed-notification	163009453110416	163009328015291
700	23.333333	163009328086708	163009365388333	consumed-notification	163009486454125	163009365391291
701	23.366667	163009365460000	163009383674375	consumed-notification	163009519779333	163009383677166
702	23.400000	163009383733541	163009421049875	consumed-notification	163009553112666	163009421052416
703	23.433333	163009421120625	163009457191625	consumed-notification	163009586443375	163009457194583
704	23.466667	163009457265333	163009494580000	consumed-notification	163009619775416	163009494583041
705	23.500000	163009494669458	163009530442708	consumed-notification	163009653117916	163009530446500
706	23.533333	163009530543625	163009567802375	consumed-notification	163009686450666	163009567804791
707	23.566667	163009567880625	163009586482083	consumed-notification	163009719779791	163009586484625
708	23.600000	163009586538083	163009623842708	consumed-notification	163009753123375	163009623845083
709	23.633333	163009623901000	163009658755750	consumed-notification	163009786459333	163009658760625
710	23.666667	163009658909916	163009694935166	consumed-notification	163009819782125	163009694940750
711	23.700000	163009695100625	163009730458666	consumed-notification	163009853119166	163009730464125
712	23.733333	163009730677000	163009767733291	consumed-notification	163009886442666	163009767738958
713	23.766667	163009767895708	163009786458250	consumed-notification	163009919789500	163009786464250
714	23.800000	163009786727625	163009821784041	consumed-notification	163009953109750	163009821789291
715	23.833333	163009821961208	163009859249541	consumed-notification	163009986450166	163009859254291
716	23.866667	163009859339625	163009896646375	consumed-notification	163010019792333	163009896649958
717	23.900000	163009896722333	163009934053000	consumed-notification	163010053120416	163009934056500
718	23.933333	163009934134250	163009952738375	consumed-notification	163010086440541	163009952741000
719	23.966667	163009952804583	163009988554791	consumed-notification	163010119775333	163009988557458
720	24.000000	163009988701416	163010025970000	consumed-notification	163010153122166	163010025973166
721	24.033333	163010026063666	163010063338625	consumed-notification	163010186450291	163010063340625
722	24.066667	163010063553708	163010100722625	consumed-notification	163010219780250	163010100724583
723	24.100000	163010100801708	163010119405791	consumed-notification	163010253150833	163010119408916
724	24.133333	163010119480083	163010156771541	consumed-notification	163010286447375	163010156773291
725	24.166667	163010156850000	163010194176125	consumed-notification	163010319807708	163010194177416
726	24.200000	163010194263416	163010231727666	consumed-notification	163010353116625	163010231734000
727	24.233333	163010231990500	163010249797583	consumed-notification	163010386444833	163010249802458
728	24.266667	163010249947583	163010286597583	consumed-notification	163010419779375	163010286603583
729	24.300000	163010286763208	163010321559916	consumed-notification	163010453102791	163010321566125
730	24.333333	163010321820833	163010359084583	consumed-notification	163010486443083	163010359090750
731	24.366667	163010359240958	163010395753625	consumed-notification	163010519788375	163010395757208
732	24.400000	163010395820750	163010433009041	consumed-notification	163010553114125	163010433012500
733	24.433333	163010433100958	163010451682166	consumed-notification	163010586450958	163010451683875
734	24.466667	163010451758750	163010487629916	consumed-notification	163010619791916	163010487633000
735	24.500000	163010487756375	163010525144916	consumed-notification	163010653114416	163010525155375
736	24.533333	163010525343541	163010561600500	consumed-notification	163010686455708	163010561605958
737	24.566667	163010561766416	163010596077000	consumed-notification	163010719785416	163010596082833
738	24.600000	163010596424208	163010631840291	consumed-notification	163010753115041	163010631845833
739	24.633333	163010631977583	163010650572958	consumed-notification	163010786447458	163010650578333
740	24.666667	163010650729791	163010687092000	consumed-notification	163010819797291	163010687098125
741	24.700000	163010687247916	163010723332833	consumed-notification	163010853114083	163010723338750
742	24.733333	163010723524125	163010758121666	consumed-notification	163010886441958	163010758128375
743	24.766667	163010758487041	163010793755791	consumed-notification	163010919773208	163010793763166
744	24.800000	163010793982166	163010830740833	consumed-notification	163010953110125	163010830747250
745	24.833333	163010830969791	163010867722333	consumed-notification	163010986460958	163010867728500
746	24.866667	163010867946750	163010886447916	consumed-notification	163011019788166	163010886453208
747	24.900000	163010886627250	163010921535458	consumed-notification	163011053144458	163010921541541
748	24.933333	163010921730041	163010958874833	consumed-notification	163011086445041	163010958879916
749	24.966667	163010959060625	163010993902291	consumed-notification	163011119798916	163010993908125
750	25.000000	163010994084041	163011029562916	consumed-notification	163011153127750	163011029568500
751	25.033333	163011029745000	163011067014625	consumed-notification	163011186463541	163011067020625
752	25.066667	163011067204916	163011084754583	consumed-notification	163011219778833	163011084766458
753	25.100000	163011084936041	163011121137166	consumed-notification	163011253122125	163011121160416
754	25.133333	163011121372791	163011158539333	consumed-notification	163011286465541	163011158543291
755	25.166667	163011158644958	163011196025791	consumed-notification	163011319787333	163011196031583
756	25.200000	163011196157125	163011229683291	consumed-notification	163011353115250	163011229691500
757	25.233333	163011230100958	163011267128416	consumed-notification	163011386442333	163011267134833
758	25.266667	163011267308333	163011285871083	consumed-notification	163011419798333	163011285875916
759	25.300000	163011286037666	163011322402625	consumed-notification	163011453111375	163011322408625
760	25.333333	163011322785583	163011359114875	consumed-notification	163011486442291	163011359121375
761	25.366667	163011359389166	163011396383250	consumed-notification	163011519772708	163011396389375
762	25.400000	163011396566416	163011430692333	consumed-notification	163011553109375	163011430696208
763	25.433333	163011430771291	163011468091333	consumed-notification	163011586453041	163011468095083
764	25.466667	163011468181291	163011486748250	consumed-notification	163011619783458	163011486749958
765	25.500000	163011486802250	163011524145708	consumed-notification	163011653112791	163011524149083
766	25.533333	163011524206291	163011561537583	consumed-notification	163011686440333	163011561540833
767	25.566667	163011561599791	163011599036750	consumed-notification	163011719779000	163011599041958
768	25.600000	163011599276666	163011617707958	consumed-notification	163011753109458	163011617712333
769	25.633333	163011617863875	163011654612208	consumed-notification	163011786448125	163011654619666
770	25.666667	163011654875375	163011690175750	consumed-notification	163011819792541	163011690181500
771	25.700000	163011690331500	163011727668875	consumed-notification	163011853105458	163011727675541
772	25.733333	163011727842000	163011761699083	consumed-notification	163011886443291	163011761704500
773	25.766667	163011761875875	163011798489708	consumed-notification	163011919785833	163011798494958
774	25.800000	163011798658041	163011834262416	consumed-notification	163011953124541	163011834267916
775	25.833333	163011834520291	163011852997291	consumed-notification	163011986440291	163011853002750
776	25.866667	163011853186375	163011887603833	consumed-notification	163012019783208	163011887609208
777	25.900000	163011887821708	163011923499708	consumed-notification	163012053106291	163011923506250
778	25.933333	163011923674833	163011959460208	consumed-notification	163012086450750	163011959466083
779	25.966667	163011959626958	163011994924583	consumed-notification	163012119777250	163011994931583
780	26.000000	163011995113375	163012031099541	consumed-notification	163012153137208	163012031105541
781	26.033333	163012031283750	163012065145375	consumed-notification	163012186441500	163012065150916
782	26.066667	163012065345625	163012099501000	consumed-notification	163012219781000	163012099507166
783	26.100000	163012099673791	163012117031250	consumed-notification	163012253110750	163012117036583
784	26.133333	163012117186625	163012152444000	consumed-notification	163012286461166	163012152449833
785	26.166667	163012152730291	163012188627333	consumed-notification	163012319770250	163012188633000
786	26.200000	163012188787541	163012225945875	consumed-notification	163012353101416	163012225952000
787	26.233333	163012226113083	163012262260083	consumed-notification	163012386431666	163012262265875
788	26.266667	163012262552250	163012298623125	consumed-notification	163012419777500	163012298631875
789	26.300000	163012298837958	163012334965000	consumed-notification	163012453099000	163012334968708
790	26.333333	163012335053083	163012353662458	consumed-notification	163012486441791	163012353666083
791	26.366667	163012353746875	163012391015875	consumed-notification	163012519769416	163012391017625
792	26.400000	163012391068750	163012427642875	consumed-notification	163012553105166	163012427645333
793	26.433333	163012427720500	163012465002875	consumed-notification	163012586436958	163012465005166
794	26.466667	163012465073750	163012483770708	consumed-notification	163012619775833	163012483775583
795	26.500000	163012483938833	163012519396708	consumed-notification	163012653104166	163012519402958
796	26.533333	163012519561791	163012554371416	consumed-notification	163012686439166	163012554376625
797	26.566667	163012554592583	163012590152166	consumed-notification	163012719769791	163012590157583
798	26.600000	163012590316208	163012627575083	consumed-notification	163012753101541	163012627578833
799	26.633333	163012627812916	163012664269041	consumed-notification	163012786441333	163012664271750
800	26.666667	163012664380083	163012701655458	consumed-notification	163012819773458	163012701659250
801	26.700000	163012701740166	163012720325875	consumed-notification	163012853101416	163012720327541
802	26.733333	163012720375875	163012757864583	consumed-notification	163012886436916	163012757875291
803	26.766667	163012758110833	163012794731625	consumed-notification	163012919787125	163012794736708
804	26.800000	163012794911500	163012831239250	consumed-notification	163012953115333	163012831245208
805	26.833333	163012831413916	163012867335291	consumed-notification	163012986437375	163012867341541
806	26.866667	163012867511500	163012885993875	consumed-notification	163013019793833	163012885999166
807	26.900000	163012886181833	163012921039458	consumed-notification	163013053113541	163012921046708
808	26.933333	163012921250166	163012956834500	consumed-notification	163013086451291	163012956840416
809	26.966667	163012956981500	163012992329916	consumed-notification	163013119784208	163012992335416
810	27.000000	163012992631750	163013027779875	consumed-notification	163013153102250	163013027786375
811	27.033333	163013028003041	163013064269375	consumed-notification	163013186439333	163013064274750
812	27.066667	163013064441750	163013101467916	consumed-notification	163013219771250	163013101472875
813	27.100000	163013101638083	163013120209625	consumed-notification	163013253115375	163013120214083
814	27.133333	163013120352166	163013157677666	consumed-notification	163013286451958	163013157683583
815	27.166667	163013157907708	163013194408416	consumed-notification	163013319782125	163013194414541
816	27.200000	163013194577708	163013231848458	consumed-notification	163013353113208	163013231855458
817	27.233333	163013232232291	163013268265958	consumed-notification	163013386456000	163013268272708
818	27.266667	163013268484458	163013287057166	consumed-notification	163013419773083	163013287064208
819	27.300000	163013287307708	163013324240041	consumed-notification	163013453108541	163013324246625
820	27.333333	163013324439875	163013359789166	consumed-notification	163013486440083	163013359795416
821	27.366667	163013359958958	163013395462958	consumed-notification	163013519796250	163013395470500
822	27.400000	163013396007333	163013429416916	consumed-notification	163013553102625	163013429423583
823	27.433333	163013429579000	163013465831666	consumed-notification	163013586438500	163013465835541
824	27.466667	163013465910333	163013484621250	consumed-notification	163013619775125	163013484626958
825	27.500000	163013484765166	163013521378041	consumed-notification	163013653106708	163013521384291
826	27.533333	163013521526041	163013558254583	consumed-notification	163013686439333	163013558260291
827	27.566667	163013558516166	163013594907791	consumed-notification	163013719797958	163013594913916
828	27.600000	163013595053333	163013629429250	consumed-notification	163013753114583	163013629436125
829	27.633333	163013629816291	163013666911041	consumed-notification	163013786436000	163013666917791
830	27.666667	163013667097916	163013685693958	consumed-notification	163013819778250	163013685700333
831	27.700000	163013685915416	163013723140083	consumed-notification	163013853097000	163013723146791
832	27.733333	163013723352708	163013758574708	consumed-notification	163013886444458	163013758581458
833	27.766667	163013758761416	163013794946458	consumed-notification	163013919784041	163013794953500
834	27.800000	163013795267666	163013831373500	consumed-notification	163013953106625	163013831380541
835	27.833333	163013831603500	163013850147000	consumed-notification	163013986440625	163013850153666
836	27.866667	163013850372500	163013885785750	consumed-notification	163014019774875	163013885792000
837	27.900000	163013885991291	163013923088875	consumed-notification	163014053122833	163013923094708
838	27.933333	163013923299791	163013959918875	consumed-notification	163014086439166	163013959924666
839	27.966667	163013960107333	163013996405375	consumed-notification	163014119777958	163013996411375
840	28.000000	163013996669833	163014032366333	consumed-notification	163014153108750	163014032373875
841	28.033333	163014032655708	163014051117125	consumed-notification	163014186431333	163014051123916
842	28.066667	163014051321541	163014087264458	consumed-notification	163014219774125	163014087271083
843	28.100000	163014087516875	163014123495791	consumed-notification	163014253116166	163014123501500
844	28.133333	163014123705291	163014158256625	consumed-notification	163014286437500	163014158262625
845	28.166667	163014158443291	163014193056000	consumed-notification	163014319766791	163014193061208
846	28.200000	163014193169500	163014228794083	consumed-notification	163014353100083	163014228799791
847	28.233333	163014228949041	163014265755250	consumed-notification	163014386425833	163014265762958
848	28.266667	163014265937000	163014284463625	consumed-notification	163014419765250	163014284469208
849	28.300000	163014284686041	163014321119875	consumed-notification	163014453093250	163014321125333
850	28.333333	163014321360583	163014358578875	consumed-notification	163014486432250	163014358582791
851	28.366667	163014358664666	163014395991500	consumed-notification	163014519770208	163014395995083
852	28.400000	163014396082125	163014433408416	consumed-notification	163014553097541	163014433411791
853	28.433333	163014433493041	163014452115375	consumed-notification	163014586430541	163014452118416
854	28.466667	163014452197000	163014489542125	consumed-notification	163014619764333	163014489546041
855	28.500000	163014489619291	163014526941708	consumed-notification	163014653102583	163014526945625
856	28.533333	163014527031333	163014564314000	consumed-notification	163014686424708	163014564317541
857	28.566667	163014564408583	163014583015583	consumed-notification	163014719756625	163014583018125
858	28.600000	163014583076958	163014620383375	consumed-notification	163014753116583	163014620385791
859	28.633333	163014620444500	163014657739916	consumed-notification	163014786437250	163014657741750
860	28.666667	163014657803541	163014695126458	consumed-notification	163014819771041	163014695128458
861	28.700000	163014695230916	163014732487250	consumed-notification	163014853120375	163014732489041
862	28.733333	163014732542250	163014751337083	consumed-notification	163014886452166	163014751342333
863	28.766667	163014751619375	163014788790041	consumed-notification	163014919777166	163014788796375
864	28.800000	163014789158625	163014824978041	consumed-notification	163014953109166	163014824983125
865	28.833333	163014825163666	163014861000750	consumed-notification	163014986438708	163014861008916
866	28.866667	163014861195000	163014898029916	consumed-notification	163015019781833	163014898039000
867	28.900000	163014898322375	163014933843125	consumed-notification	163015053115291	163014933849583
868	28.933333	163014934062625	163014951367750	consumed-notification	163015086436208	163014951374000
869	28.966667	163014951589708	163014988379666	consumed-notification	163015119764291	163014988385125
870	29.000000	163014988569875	163015024230500	consumed-notification	163015153098250	163015024237583
871	29.033333	163015024790166	163015061548375	consumed-notification	163015186430291	163015061565208
872	29.066667	163015061833166	163015098353041	consumed-notification	163015219783250	163015098358791
873	29.100000	163015098575291	163015117067958	consumed-notification	163015253103791	163015117072500
874	29.133333	163015117242708	163015153236416	consumed-notification	163015286428375	163015153242750
875	29.166667	163015153436625	163015189564583	consumed-notification	163015319797208	163015189571000
876	29.200000	163015189722500	163015224984708	consumed-notification	163015353116333	163015224994541
877	29.233333	163015225204541	163015259345083	consumed-notification	163015386427250	163015259350500
878	29.266667	163015259523166	163015296829250	consumed-notification	163015419761500	163015296840708
879	29.300000	163015297040500	163015331820250	consumed-notification	163015453091416	163015331825958
880	29.333333	163015332044208	163015350446458	consumed-notification	163015486435625	163015350451666
881	29.366667	163015350643208	163015387420583	consumed-notification	163015519778916	163015387423791
882	29.400000	163015387507375	163015424833375	consumed-notification	163015553096791	163015424837625
883	29.433333	163015424919791	163015461774583	consumed-notification	163015586422500	163015461777541
884	29.466667	163015461861416	163015498289708	consumed-notification	163015619767291	163015498292291
885	29.500000	163015498387333	163015516982166	consumed-notification	163015653101708	163015516984666
886	29.533333	163015517030458	163015552986083	consumed-notification	163015686436875	163015552988083
887	29.566667	163015553049000	163015590347208	consumed-notification	163015719765958	163015590348958
888	29.600000	163015590511458	163015627854500	consumed-notification	163015753092500	163015627860375
889	29.633333	163015628054041	163015662070541	consumed-notification	163015786428833	163015662079708
890	29.666667	163015662280500	163015698057833	consumed-notification	163015819768875	163015698064500
891	29.700000	163015698270791	163015734316500	consumed-notification	163015853092666	163015734319333
892	29.733333	163015734399000	163015771690708	consumed-notification	163015886429625	163015771693333
893	29.766667	163015771775041	163015790393583	consumed-notification	163015919755375	163015790396291
894	29.800000	163015790482791	163015827776166	consumed-notification	163015953085750	163015827778958
895	29.833333	163015827874333	163015865157333	consumed-notification	163015986429625	163015865159916
896	29.866667	163015865238958	163015883829458	consumed-notification	163016019757708	163015883831000
897	29.900000	163015883882916	163015921214708	consumed-notification	163016053096708	163015921217500
898	29.933333	163015921314041	163015958567541	consumed-notification	163016086436458	163015958569333
899	29.966667	163015958631958	163015995931291	consumed-notification	163016119783041	163015995933666
900	30.000000	163015996001916	163016033307833	consumed-notification	163016153106333	163016033310333
901	30.033333	163016033383041	163016052116166	consumed-notification	163016186441875	163016052121458
902	30.066667	163016052351833	163016086562583	consumed-notification	163016219776625	163016086567791
903	30.100000	163016086756750	163016122094500	consumed-notification	163016253098541	163016122100583
904	30.133333	163016122273416	163016158625583	consumed-notification	163016286444458	163016158631583
905	30.166667	163016158826375	163016194376333	consumed-notification	163016319766250	163016194382083
906	30.200000	163016194550000	163016231829000	consumed-notification	163016353107666	163016231835000
907	30.233333	163016231998458	163016250566208	consumed-notification	163016386442500	163016250572416
908	30.266667	163016250740083	163016287606333	consumed-notification	163016419765583	163016287611958
909	30.300000	163016287851791	163016324744666	consumed-notification	163016453095666	163016324750333
910	30.333333	163016324955833	163016362188375	consumed-notification	163016486437916	163016362194458
911	30.366667	163016362363833	163016398133125	consumed-notification	163016519773166	163016398139541
912	30.400000	163016398291000	163016416876458	consumed-notification	163016553093083	163016416882125
913	30.433333	163016417049083	163016452720458	consumed-notification	163016586427125	163016452726500
914	30.466667	163016452950375	163016490167666	consumed-notification	163016619766750	163016490173458
915	30.500000	163016490399125	163016525888541	consumed-notification	163016653103875	163016525893916
916	30.533333	163016526064708	163016562680750	consumed-notification	163016686424833	163016562686041
917	30.566667	163016562961916	163016598484291	consumed-notification	163016719757916	163016598489083
918	30.600000	163016598644083	163016634138583	consumed-notification	163016753093250	163016634144958
919	30.633333	163016634324583	163016652650375	consumed-notification	163016786434083	163016652655625
920	30.666667	163016652831833	163016690132375	consumed-notification	163016819761125	163016690141041
921	30.700000	163016690473166	163016726260125	consumed-notification	163016853084000	163016726265916
922	30.733333	163016726428291	163016762951583	consumed-notification	163016886417958	163016762957208
923	30.766667	163016763182666	163016800363625	consumed-notification	163016919755666	163016800366250
924	30.800000	163016800451000	163016818108166	consumed-notification	163016953088791	163016818112166
925	30.833333	163016818208500	163016855496500	consumed-notification	163016986427666	163016855500000
926	30.866667	163016855611583	163016892857166	consumed-notification	163017019762833	163016892859833
927	30.900000	163016892928916	163016930226666	consumed-notification	163017053093416	163016930229250
928	30.933333	163016930342250	163016967727708	consumed-notification	163017086423916	163016967733208
929	30.966667	163016967942375	163016986279000	consumed-notification	163017119765125	163016986284125
930	31.000000	163016986540250	163017022015041	consumed-notification	163017153555250	163017022021250
931	31.033333	163017022317708	163017059514291	consumed-notification	163017186418916	163017059521083
932	31.066667	163017059813583	163017097054083	consumed-notification	163017219757416	163017097057791
933	31.100000	163017097162916	163017133645500	consumed-notification	163017253112083	163017133656791
934	31.133333	163017133854333	163017152371791	consumed-notification	163017286425458	163017152376250
935	31.166667	163017152605208	163017188598541	consumed-notification	163017319769166	163017188603916
936	31.200000	163017188780958	163017224254416	consumed-notification	163017353092583	163017224259750
937	31.233333	163017224512291	163017261753666	consumed-notification	163017386423625	163017261760083
938	31.266667	163017261992291	163017296525583	consumed-notification	163017419759166	163017296531833
939	31.300000	163017296687208	163017333995333	consumed-notification	163017453105458	163017334001250
940	31.333333	163017334201208	163017352415000	consumed-notification	163017486436750	163017352420666
941	31.366667	163017352868833	163017387618791	consumed-notification	163017519786666	163017387623666
942	31.400000	163017387816916	163017421981125	consumed-notification	163017553088041	163017421987083
943	31.433333	163017422161250	163017456845250	consumed-notification	163017586416208	163017456851083
944	31.466667	163017457029625	163017492429625	consumed-notification	163017619751791	163017492435291
945	31.500000	163017492627041	163017527279083	consumed-notification	163017653079833	163017527284208
946	31.533333	163017527475291	163017564580750	consumed-notification	163017686415291	163017564584375
947	31.566667	163017564669208	163017583255583	consumed-notification	163017719769750	163017583258000
948	31.600000	163017583328166	163017620601458	consumed-notification	163017753098166	163017620603958
949	31.633333	163017620653583	163017657970375	consumed-notification	163017786417375	163017657972458
950	31.666667	163017658012791	163017695465708	consumed-notification	163017819765291	163017695470791
951	31.700000	163017695614250	163017732908041	consumed-notification	163017853099750	163017732913833
952	31.733333	163017733091291	163017749807083	consumed-notification	163017886437791	163017749811791
953	31.766667	163017750015416	163017784352208	consumed-notification	163017919772458	163017784355666
954	31.800000	163017784425083	163017821813250	consumed-notification	163017953108000	163017821818875
955	31.833333	163017821981916	163017856814458	consumed-notification	163017986423916	163017856820208
956	31.866667	163017857081541	163017890954875	consumed-notification	163018020123791	163017890960666
957	31.900000	163017891144125	163017926688833	consumed-notification	163018053098500	163017926694541
958	31.933333	163017926853250	163017962217208	consumed-notification	163018086419500	163017962223125
959	31.966667	163017962351125	163017998463666	consumed-notification	163018119755000	163017998481916
960	32.000000	163017998603625	163018017024666	consumed-notification	163018153106000	163018017030416
961	32.033333	163018017183458	163018053435541	consumed-notification	163018186425041	163018053443583
962	32.066667	163018053678541	163018088175291	consumed-notification	163018219772208	163018088181208
963	32.100000	163018088453333	163018123497958	consumed-notification	163018253114541	163018123503250
964	32.133333	163018123654375	163018159424041	consumed-notification	163018286447500	163018159429708
965	32.166667	163018159584708	163018194868666	consumed-notification	163018319755125	163018194874791
966	32.200000	163018195139250	163018231286583	consumed-notification	163018353100125	163018231295041
967	32.233333	163018231471833	163018267773500	consumed-notification	163018386418291	163018267779916
968	32.266667	163018267967291	163018286205791	consumed-notification	163018419759833	163018286210708
969	32.300000	163018286378625	163018322304291	consumed-notification	163018453085083	163018322309541
970	32.333333	163018322552541	163018357950250	consumed-notification	163018486418291	163018357956375
971	32.366667	163018358101666	163018395329041	consumed-notification	163018519764375	163018395332000
972	32.400000	163018395412916	163018432760416	consumed-notification	163018553090500	163018432764083
973	32.433333	163018432903750	163018451479125	consumed-notification	163018586417333	163018451483625
974	32.466667	163018451563333	163018488512875	consumed-notification	163018620233541	163018488516000
975	32.500000	163018488592000	163018525948500	consumed-notification	163018653086708	163018525951708
976	32.533333	163018526032458	163018563309250	consumed-notification	163018686416833	163018563311208
977	32.566667	163018563379875	163018600690291	consumed-notification	163018719744000	163018600691916
978	32.600000	163018600781250	163018619382375	consumed-notification	163018753092958	163018619383583
979	32.633333	163018619472875	163018654837208	consumed-notification	163018786448333	163018654839708
980	32.666667	163018654924875	163018691623250	consumed-notification	163018819757416	163018691626500
981	32.700000	163018691707208	163018728987750	consumed-notification	163018853084416	163018728990958
982	32.733333	163018729082416	163018765204583	consumed-notification	163018886437583	163018765210125
983	32.766667	163018765500041	163018800617208	consumed-notification	163018919753166	163018800622791
984	32.800000	163018800771458	163018817435666	consumed-notification	163018953099208	163018817441666
985	32.833333	163018817690750	163018854910583	consumed-notification	163018986430416	163018854917041
986	32.866667	163018855275833	163018891369416	consumed-notification	163019019772416	163018891375333
987	32.900000	163018891561125	163018928871000	consumed-notification	163019053109166	163018928878166
988	32.933333	163018929103208	163018966328708	consumed-notification	163019086441375	163018966334166
989	32.966667	163018966472291	163018985093791	consumed-notification	163019119759458	163018985098625
990	33.000000	163018985302500	163019022570625	consumed-notification	163019153334083	163019022576375
991	33.033333	163019022783041	163019060064000	consumed-notification	163019186416833	163019060069583
992	33.066667	163019060210333	163019095974708	consumed-notification	163019219803750	163019095980416
993	33.100000	163019096144083	163019131934500	consumed-notification	163019253086625	163019131940833
994	33.133333	163019132157791	163019167725166	consumed-notification	163019286418125	163019167731166
995	33.166667	163019169239791	163019186454958	consumed-notification	163019319756500	163019186459375
996	33.200000	163019186648958	163019224062708	consumed-notification	163019353087041	163019224072166
997	33.233333	163019224524125	163019261110625	consumed-notification	163019386436333	163019261118041
998	33.266667	163019261565458	163019298435333	consumed-notification	163019419757708	163019298439458
999	33.300000	163019298528291	163019317202541	consumed-notification	163019453085958	163019317208875
1000	33.333333	163019317422166	163019354633875	consumed-notification	163019486429791	163019354638541
1001	33.366667	163019354715791	163019392047708	consumed-notification	163019519777041	163019392052416
1002	33.400000	163019392166208	163019429342625	consumed-notification	163019553098250	163019429345541
1003	33.433333	163019429457416	163019466767541	consumed-notification	163019586423500	163019466769791
1004	33.466667	163019466847875	163019485481041	consumed-notification	163019619796958	163019485483250
1005	33.500000	163019485583541	163019522928500	consumed-notification	163019653133708	163019522931375
1006	33.533333	163019523017666	163019560356916	consumed-notification	163019686463291	163019560361791
1007	33.566667	163019560475250	163019597958541	consumed-notification	163019719789875	163019597968000
1008	33.600000	163019598252083	163019616746416	consumed-notification	163019753099416	163019616753833
1009	33.633333	163019617043916	163019653597666	consumed-notification	163019786441416	163019653605791
1010	33.666667	163019653891625	163019689892166	consumed-notification	163019819761500	163019689904000
1011	33.700000	163019690842000	163019724564583	consumed-notification	163019853085041	163019724571750
1012	33.733333	163019724853750	163019761975208	consumed-notification	163019886465208	163019761979916
1013	33.766667	163019762166875	163019799397250	consumed-notification	163019919803125	163019799401708
1014	33.800000	163019799557541	163019818081208	consumed-notification	163019957278541	163019818084958
1015	33.833333	163019818212666	163019855497625	consumed-notification	163019990605666	163019855500958
1016	33.866667	163019855646916	163019892546750	consumed-notification	163020023944958	163019892556708
1017	33.900000	163019893287291	163019928547625	consumed-notification	163020057275833	163019928557750
1018	33.933333	163019928922166	163019964792125	consumed-notification	163020090612375	163019964800958
1019	33.966667	163019965202583	163019982007958	consumed-notification	163020123934375	163019982014750
1020	34.000000	163019982366250	163020019471708	consumed-notification	163020157278666	163020019481416
1021	34.033333	163020019838916	163020056686375	consumed-notification	163020190607291	163020056693250
1022	34.066667	163020056841666	163020094242708	consumed-notification	163020223955541	163020094250166
1023	34.100000	163020094590625	163020130287083	consumed-notification	163020257276500	163020130295125
1024	34.133333	163020130582250	163020147485125	consumed-notification	163020290637666	163020147492333
1025	34.166667	163020147756625	163020183623750	consumed-notification	163020323949625	163020183632500
1026	34.200000	163020183866750	163020221033791	consumed-notification	163020357272958	163020221042625
1027	34.233333	163020221433875	163020258631375	consumed-notification	163020390610041	163020258641375
1028	34.266667	163020259131041	163020296286708	consumed-notification	163020424530458	163020296298375
1029	34.300000	163020297089541	163020313084875	consumed-notification	163020457337625	163020313091083
1030	34.333333	163020313358583	163020349763291	consumed-notification	163020490592458	163020349771958
1031	34.366667	163020350298708	163020387315083	consumed-notification	163020523922583	163020387324833
1032	34.400000	163020387612916	163020422893250	consumed-notification	163020557246458	163020422902708
1033	34.433333	163020423240833	163020459646833	consumed-notification	163020590587291	163020459656916
1034	34.466667	163020460041125	163020495453208	consumed-notification	163020623926541	163020495458750
1035	34.500000	163020495589541	163020514175041	consumed-notification	163020657258541	163020514179416
1036	34.533333	163020514306333	163020550608500	consumed-notification	163020690595875	163020550611750
1037	34.566667	163020550752333	163020588028291	consumed-notification	163020723951500	163020588032166
1038	34.600000	163020588118125	163020625412958	consumed-notification	163020757245416	163020625416458
1039	34.633333	163020625476541	163020662855833	consumed-notification	163020790594458	163020662859458
1040	34.666667	163020662962750	163020680368708	consumed-notification	163020823928375	163020680372583
1041	34.700000	163020680468333	163020716612625	consumed-notification	163020857256416	163020716616041
1042	34.733333	163020716755458	163020754035666	consumed-notification	163020890607458	163020754038958
1043	34.766667	163020754134833	163020791444333	consumed-notification	163020923915833	163020791447000
1044	34.800000	163020791534250	163020828860708	consumed-notification	163020957250083	163020828863625
1045	34.833333	163020829032958	163020847708750	consumed-notification	163020990606541	163020847716916
1046	34.866667	163020847947416	163020883829291	consumed-notification	163021023943458	163020883841375
1047	34.900000	163020884191708	163020920095375	consumed-notification	163021057282458	163020920102416
1048	34.933333	163020920454500	163020956143833	consumed-notification	163021090611958	163020956150208
1049	34.966667	163020956393583	163020992493583	consumed-notification	163021123935791	163020992501833
1050	35.000000	163020992787916	163021029682625	consumed-notification	163021157266083	163021029689916
1051	35.033333	163021029973791	163021048451708	consumed-notification	163021190618708	163021048456833
1052	35.066667	163021048651208	163021086110291	consumed-notification	163021223928000	163021086124625
1053	35.100000	163021086931958	163021123637333	consumed-notification	163021257280916	163021123647375
1054	35.133333	163021123987500	163021160713125	consumed-notification	163021290620875	163021160722583
1055	35.166667	163021161330458	163021179468833	consumed-notification	163021323971416	163021179476458
1056	35.200000	163021179933041	163021215735875	consumed-notification	163021357272750	163021215740333
1057	35.233333	163021215900208	163021253383458	consumed-notification	163021390640916	163021253395291
1058	35.266667	163021253833000	163021289050791	consumed-notification	163021423922916	163021289063125
1059	35.300000	163021289525500	163021325255708	consumed-notification	163021457263958	163021325265041
1060	35.333333	163021325700750	163021361206500	consumed-notification	163021490610666	163021361215916
1061	35.366667	163021361776541	163021378627291	consumed-notification	163021523909791	163021378635541
1062	35.400000	163021379037208	163021413357625	consumed-notification	163021557241958	163021413373416
1063	35.433333	163021413837791	163021450377875	consumed-notification	163021590584916	163021450386208
1064	35.466667	163021451246000	163021485056750	consumed-notification	163021623928208	163021485068291
1065	35.500000	163021485525583	163021522403250	consumed-notification	163021657258500	163021522407458
1066	35.533333	163021522489166	163021559804250	consumed-notification	163021690653458	163021559808291
1067	35.566667	163021559885250	163021597188083	consumed-notification	163021723926375	163021597191208
1068	35.600000	163021597277875	163021615889583	consumed-notification	163021757297333	163021615892625
1069	35.633333	163021615949875	163021652637750	consumed-notification	163021786419916	163021652640333
1070	35.666667	163021652755583	163021688733541	consumed-notification	163021819764583	163021688739291
1071	35.700000	163021688917791	163021725229541	consumed-notification	163021853088875	163021725233000
1072	35.733333	163021725409041	163021762865625	consumed-notification	163021886410333	163021762880333
1073	35.766667	163021763218833	163021798610041	consumed-notification	163021919767958	163021798618666
1074	35.800000	163021799036333	163021834633125	consumed-notification	163021953121041	163021834643250
1075	35.833333	163021835114000	163021852733625	consumed-notification	163021986464166	163021852741916
1076	35.866667	163021853312625	163021889122083	consumed-notification	163022019802958	163021889130750
1077	35.900000	163021889437666	163021926740666	consumed-notification	163022053081958	163021926749791
1078	35.933333	163021927154875	163021964277375	consumed-notification	163022086417583	163021964285708
1079	35.966667	163021964677333	163021998640875	consumed-notification	163022119809041	163021998649583
1080	36.000000	163021999013625	163022015991291	consumed-notification	163022153175458	163022016001333
1081	36.033333	163022016349791	163022053218625	consumed-notification	163022186453500	163022053224375
1082	36.066667	163022053388625	163022090848500	consumed-notification	163022219755041	163022090856083
1083	36.100000	163022091252000	163022128150166	consumed-notification	163022253112333	163022128159416
1084	36.133333	163022128887041	163022163144500	consumed-notification	163022286488750	163022163152291
1085	36.166667	163022163451250	163022200860250	consumed-notification	163022319782625	163022200868708
1086	36.200000	163022201255041	163022219603541	consumed-notification	163022353329958	163022219613833
1087	36.233333	163022220009583	163022257237416	consumed-notification	163022386440250	163022257246291
1088	36.266667	163022257561416	163022294848958	consumed-notification	163022419759666	163022294860791
1089	36.300000	163022295323625	163022332440083	consumed-notification	163022453082916	163022332450916
1090	36.333333	163022332776083	163022350136166	consumed-notification	163022486438000	163022350144541
1091	36.366667	163022350403500	163022386758208	consumed-notification	163022519755666	163022386764500
1092	36.400000	163022386960416	163022423558333	consumed-notification	163022553104000	163022423565250
1093	36.433333	163022423927708	163022457084541	consumed-notification	163022587089041	163022457091083
1094	36.466667	163022457267458	163022494111041	consumed-notification	163022619747125	163022494127666
1095	36.500000	163022495619375	163022530395375	consumed-notification	163022653085083	163022530404666
1096	36.533333	163022530677875	163022567448000	consumed-notification	163022686416833	163022567456166
1097	36.566667	163022567772625	163022586184041	consumed-notification	163022719743666	163022586190791
1098	36.600000	163022586403750	163022623628833	consumed-notification	163022753091458	163022623634458
1099	36.633333	163022623765166	163022658058916	consumed-notification	163022786415208	163022658065291
1100	36.666667	163022658212625	163022694875916	consumed-notification	163022819760291	163022694881250
1101	36.700000	163022695070541	163022730831458	consumed-notification	163022853076333	163022730835750
1102	36.733333	163022731004541	163022749546458	consumed-notification	163022886406250	163022749549833
1103	36.766667	163022749640458	163022786991166	consumed-notification	163022919758916	163022786995625
1104	36.800000	163022787091750	163022824402416	consumed-notification	163022953082375	163022824408125
1105	36.833333	163022824505666	163022861820333	consumed-notification	163022986409333	163022861825000
1106	36.866667	163022861937750	163022899283916	consumed-notification	163023019762666	163022899291250
1107	36.900000	163022899458291	163022917956625	consumed-notification	163023053110583	163022917963458
1108	36.933333	163022918168166	163022954437666	consumed-notification	163023086415208	163022954444083
1109	36.966667	163022954737125	163022989060791	consumed-notification	163023119742750	163022989071791
1110	37.000000	163022989346875	163023023627708	consumed-notification	163023153077333	163023023636791
1111	37.033333	163023023926375	163023061163291	consumed-notification	163023186416166	163023061173291
1112	37.066667	163023061606666	163023097155125	consumed-notification	163023219740291	163023097162250
1113	37.100000	163023097303750	163023134123750	consumed-notification	163023253094291	163023134130083
1114	37.133333	163023134316833	163023152124291	consumed-notification	163023286408750	163023152130666
1115	37.166667	163023152356416	163023187796125	consumed-notification	163023319745458	163023187802625
1116	37.200000	163023189204166	163023225272291	consumed-notification	163023353073625	163023225278833
1117	37.233333	163023225420000	163023261375375	consumed-notification	163023386434416	163023261384500
1118	37.266667	163023261925333	163023297456083	consumed-notification	163023419766125	163023297462666
1119	37.300000	163023297607625	163023334275625	consumed-notification	163023453084375	163023334281750
1120	37.333333	163023334483708	163023353026375	consumed-notification	163023486432291	163023353035791
1121	37.366667	163023353270166	163023388848625	consumed-notification	163023519760083	163023388856708
1122	37.400000	163023389387791	163023425774833	consumed-notification	163023553087250	163023425784166
1123	37.433333	163023426140333	163023462567625	consumed-notification	163023586412500	163023462576875
1124	37.466667	163023462983291	163023496545333	consumed-notification	163023619773083	163023496552875
1125	37.500000	163023496746458	163023533936875	consumed-notification	163023653074458	163023533941208
1126	37.533333	163023534103833	163023552640416	consumed-notification	163023686410000	163023552644708
1127	37.566667	163023552716291	163023588903875	consumed-notification	163023719759750	163023588909625
1128	37.600000	163023589045583	163023626319250	consumed-notification	163023753085125	163023626323166
1129	37.633333	163023626418125	163023663721208	consumed-notification	163023786454250	163023663724541
1130	37.666667	163023663815083	163023701103125	consumed-notification	163023819755208	163023701106083
1131	37.700000	163023701190333	163023718737041	consumed-notification	163023853078708	163023718740375
1132	37.733333	163023718844166	163023756156375	consumed-notification	163023886415041	163023756161041
1133	37.766667	163023756267333	163023793550333	consumed-notification	163023919742333	163023793553125
1134	37.800000	163023793637458	163023830972500	consumed-notification	163023953127625	163023830975375
1135	37.833333	163023831091375	163023867648916	consumed-notification	163023986425666	163023867651166
1136	37.866667	163023867751041	163023886347541	consumed-notification	163024019757875	163023886350083
1137	37.900000	163023886454958	163023922271000	consumed-notification	163024053107375	163023922279166
1138	37.933333	163023922533291	163023958201041	consumed-notification	163024086449250	163023958211250
1139	37.966667	163023958537250	163023995081708	consumed-notification	163024119788541	163023995091333
1140	38.000000	163023996218750	163024031161333	consumed-notification	163024153097291	163024031168375
1141	38.033333	163024031419000	163024049864083	consumed-notification	163024186423250	163024049870833
1142	38.066667	163024050019916	163024086733125	consumed-notification	163024219738583	163024086741916
1143	38.100000	163024090132958	163024124225666	consumed-notification	163024253068916	163024124233458
1144	38.133333	163024124508625	163024161324875	consumed-notification	163024286408583	163024161334791
1145	38.166667	163024161705333	163024198537833	consumed-notification	163024319738041	163024198544541
1146	38.200000	163024198756500	163024217188333	consumed-notification	163024353085625	163024217194375
1147	38.233333	163024217357875	163024252709708	consumed-notification	163024386453958	163024252716958
1148	38.266667	163024252925083	163024289258041	consumed-notification	163024420301583	163024289263916
1149	38.300000	163024289419541	163024326717125	consumed-notification	163024453112416	163024326723041
1150	38.333333	163024326889458	163024364078916	consumed-notification	163024486412958	163024364085083
1151	38.366667	163024364297541	163024400423708	consumed-notification	163024519739041	163024400431833
1152	38.400000	163024400784416	163024418085458	consumed-notification	163024553077375	163024418092625
1153	38.433333	163024418581958	163024455139375	consumed-notification	163024586394666	163024455150458
1154	38.466667	163024455496958	163024492437833	consumed-notification	163024619749500	163024492443833
1155	38.500000	163024492577166	163024529808583	consumed-notification	163024653072500	163024529812958
1156	38.533333	163024529936958	163024567239166	consumed-notification	163024686403208	163024567243541
1157	38.566667	163024567358833	163024585928083	consumed-notification	163024719741125	163024585930291
1158	38.600000	163024586014875	163024623359000	consumed-notification	163024753075250	163024623361000
1159	38.633333	163024623429000	163024660748375	consumed-notification	163024786430291	163024660750583
1160	38.666667	163024660814375	163024698184541	consumed-notification	163024819777333	163024698187583
1161	38.700000	163024698297375	163024716878000	consumed-notification	163024853156416	163024716880541
1162	38.733333	163024716969750	163024754351916	consumed-notification	163024887276458	163024754355375
1163	38.766667	163024754506208	163024791763208	consumed-notification	163024919798208	163024791768750
1164	38.800000	163024791889208	163024829524583	consumed-notification	163024953133208	163024829537791
1165	38.833333	163024830048916	163024867036375	consumed-notification	163024986416541	163024867044208
1166	38.866667	163024867332750	163024885020958	consumed-notification	163025019764208	163024885028875
1167	38.900000	163024885432208	163024922620875	consumed-notification	163025053105750	163024922630416
1168	38.933333	163024923061333	163024959869583	consumed-notification	163025086472166	163024959879333
1169	38.966667	163024960296041	163024994985166	consumed-notification	163025119844875	163024994994750
1170	39.000000	163024996323750	163025029985875	consumed-notification	163025153128750	163025029995750
1171	39.033333	163025030286500	163025067508708	consumed-notification	163025186444708	163025067522791
1172	39.066667	163025067981208	163025085578250	consumed-notification	163025219746541	163025085593375
1173	39.100000	163025087053375	163025122201583	consumed-notification	163025253081166	163025122214416
1174	39.133333	163025122560000	163025157006666	consumed-notification	163025286395708	163025157020833
1175	39.166667	163025157558875	163025192605250	consumed-notification	163025319734666	163025192613750
1176	39.200000	163025193275708	163025229323500	consumed-notification	163025353079083	163025229329583
1177	39.233333	163025229486166	163025266711458	consumed-notification	163025386428666	163025266714875
1178	39.266667	163025266818000	163025284002166	consumed-notification	163025419745791	163025284006666
1179	39.300000	163025284098000	163025321395250	consumed-notification	163025453511625	163025321399208
1180	39.333333	163025321549125	163025358801958	consumed-notification	163025486417666	163025358804708
1181	39.366667	163025358925458	163025396224416	consumed-notification	163025519735750	163025396228333
1182	39.400000	163025396358875	163025433789500	consumed-notification	163025553062708	163025433798291
1183	39.433333	163025434085958	163025452179125	consumed-notification	163025586403708	163025452187250
1184	39.466667	163025452577083	163025488981583	consumed-notification	163025619743875	163025488991208
1185	39.500000	163025489694500	163025523541791	consumed-notification	163025653070666	163025523547833
1186	39.533333	163025523721708	163025560717333	consumed-notification	163025686410875	163025560723458
1187	39.566667	163025560856750	163025596285125	consumed-notification	163025719748250	163025596289916
1188	39.600000	163025596395000	163025633771208	consumed-notification	163025753070250	163025633776250
1189	39.633333	163025633964041	163025651017416	consumed-notification	163025786401916	163025651020583
1190	39.666667	163025651138125	163025687308458	consumed-notification	163025819750333	163025687312833
1191	39.700000	163025687672375	163025724831375	consumed-notification	163025853085583	163025724838708
1192	39.733333	163025725099291	163025762212458	consumed-notification	163025886410583	163025762217333
1193	39.766667	163025762336041	163025799655750	consumed-notification	163025919733541	163025799661083
1194	39.800000	163025799791583	163025818483916	consumed-notification	163025953091000	163025818494666
1195	39.833333	163025823310250	163025856047166	consumed-notification	163025986481583	163025856056375
1196	39.866667	163025856326208	163025892784666	consumed-notification	163026019768125	163025892815041
1197	39.900000	163025892934958	163025928743375	consumed-notification	163026053099583	163025928749291
1198	39.933333	163025928993583	163025965896750	consumed-notification	163026086428791	163025965904625
1199	39.966667	163025966252250	163025983056375	consumed-notification	163026119792083	163025983068041
1200	40.000000	163025988268875	163026019360000	consumed-notification	163026153100875	163026019370916
1201	40.033333	163026019660458	163026056809583	consumed-notification	163026186430416	163026056816458
1202	40.066667	163026057008416	163026094463750	consumed-notification	163026219794708	163026094477625
1203	40.100000	163026095262208	163026130445291	consumed-notification	163026253089583	163026130454791
1204	40.133333	163026130792625	163026167892166	consumed-notification	163026286431416	163026167902958
1205	40.166667	163026168353541	163026185765625	consumed-notification	163026319730416	163026185772333
1206	40.200000	163026186171583	163026221617625	consumed-notification	163026353480208	163026221625833
1207	40.233333	163026221952000	163026259025916	consumed-notification	163026386393625	163026259032250
1208	40.266667	163026259141125	163026296437000	consumed-notification	163026419738541	163026296442041
1209	40.300000	163026296553333	163026333853166	consumed-notification	163026453079750	163026333858208
1210	40.333333	163026333928875	163026352563333	consumed-notification	163026486427541	163026352567500
1211	40.366667	163026352655458	163026389965791	consumed-notification	163026519776666	163026389969750
1212	40.400000	163026390060166	163026427389916	consumed-notification	163026553119958	163026427393791
1213	40.433333	163026427495041	163026464004125	consumed-notification	163026586412833	163026464011625
1214	40.466667	163026464244166	163026499922791	consumed-notification	163026619744625	163026499930916
1215	40.500000	163026500171541	163026518712625	consumed-notification	163026653132500	163026518719375
1216	40.533333	163026519099375	163026556387666	consumed-notification	163026686415708	163026556395708
1217	40.566667	163026556763916	163026593963125	consumed-notification	163026719725166	163026593972083
1218	40.600000	163026594289208	163026630393125	consumed-notification	163026753068666	163026630400125
1219	40.633333	163026630694500	163026667906958	consumed-notification	163026786405791	163026667914958
1220	40.666667	163026668191791	163026686737000	consumed-notification	163026819737500	163026686747083
1221	40.700000	163026687030416	163026723950375	consumed-notification	163026853069500	163026723955291
1222	40.733333	163026724060916	163026761374833	consumed-notification	163026886428500	163026761378791
1223	40.766667	163026761507041	163026798782666	consumed-notification	163026919817500	163026798788291
1224	40.800000	163026798874791	163026817471166	consumed-notification	163026953072375	163026817473500
1225	40.833333	163026817559666	163026854932166	consumed-notification	163026986400291	163026854935500
1226	40.866667	163026855049041	163026892405916	consumed-notification	163027019729500	163026892413416
1227	40.900000	163026893007333	163026929944041	consumed-notification	163027053063791	163026929955041
1228	40.933333	163026930359916	163026967328000	consumed-notification	163027086400083	163026967334625
1229	40.966667	163026967460208	163026986019125	consumed-notification	163027119725750	163026986022625
1230	41.000000	163026986147375	163027023451500	consumed-notification	163027153079375	163027023456250
1231	41.033333	163027023555500	163027060893000	consumed-notification	163027186426500	163027060897166
1232	41.066667	163027060989416	163027097797708	consumed-notification	163027219802333	163027097800791
1233	41.100000	163027097910291	163027134259291	consumed-notification	163027253109541	163027134262166
1234	41.133333	163027134415000	163027153087750	consumed-notification	163027286432375	163027153099375
1235	41.166667	163027153387666	163027189519416	consumed-notification	163027319785250	163027189529250
1236	41.200000	163027189840416	163027227122916	consumed-notification	163027353099458	163027227134375
1237	41.233333	163027227562333	163027264717875	consumed-notification	163027386412416	163027264729208
1238	41.266667	163027265082583	163027301337916	consumed-notification	163027419760583	163027301349791
1239	41.300000	163027301632000	163027319972458	consumed-notification	163027453092125	163027319981083
1240	41.333333	163027321500208	163027354384083	consumed-notification	163027486440875	163027354392208
1241	41.366667	163027354698583	163027390399333	consumed-notification	163027519754416	163027390408166
1242	41.400000	163027390717666	163027428105916	consumed-notification	163027553124208	163027428119416
1243	41.433333	163027428741041	163027461843916	consumed-notification	163027586426125	163027461853041
1244	41.466667	163027462192458	163027498266375	consumed-notification	163027619761625	163027498274291
1245	41.500000	163027498792250	163027516999875	consumed-notification	163027653072208	163027517008000
1246	41.533333	163027517276333	163027553250791	consumed-notification	163027686392125	163027553259666
1247	41.566667	163027553915000	163027590609500	consumed-notification	163027719736583	163027590619083
1248	41.600000	163027591431916	163027627591916	consumed-notification	163027753077791	163027627602666
1249	41.633333	163027627814458	163027665073416	consumed-notification	163027786410375	163027665081291
1250	41.666667	163027665266291	163027683720666	consumed-notification	163027819737416	163027683723916
1251	41.700000	163027683869083	163027721161625	consumed-notification	163027857229375	163027721164583
1252	41.733333	163027721237291	163027756830250	consumed-notification	163027890564291	163027756835291
1253	41.766667	163027756977750	163027793673083	consumed-notification	163027923922166	163027793677291
1254	41.800000	163027793794416	163027831085208	consumed-notification	163027957276500	163027831088375
1255	41.833333	163027831206916	163027868499583	consumed-notification	163027990623000	163027868503000
1256	41.866667	163027868622000	163027887417500	consumed-notification	163028023936125	163027887426500
1257	41.900000	163027887810208	163027925022708	consumed-notification	163028057232208	163027925033166
1258	41.933333	163027925611416	163027959365958	consumed-notification	163028090562708	163027959374083
1259	41.966667	163027960184083	163027996065208	consumed-notification	163028123923041	163027996075250
1260	42.000000	163027996434125	163028013282250	consumed-notification	163028157253541	163028013289208
1261	42.033333	163028013600041	163028049144833	consumed-notification	163028190607166	163028049155041
1262	42.066667	163028049514291	163028086656666	consumed-notification	163028223940291	163028086663125
1263	42.100000	163028086923541	163028124112916	consumed-notification	163028257235083	163028124121583
1264	42.133333	163028124411916	163028159666833	consumed-notification	163028290587208	163028159675708
1265	42.166667	163028160011666	163028197271458	consumed-notification	163028323912708	163028197280500
1266	42.200000	163028198396541	163028214987375	consumed-notification	163028357332666	163028214994958
1267	42.233333	163028215551000	163028250160458	consumed-notification	163028390626333	163028250170958
1268	42.266667	163028250600166	163028286435041	consumed-notification	163028423919958	163028286446291
1269	42.300000	163028287033875	163028324014166	consumed-notification	163028457240791	163028324023208
1270	42.333333	163028324445958	163028359753166	consumed-notification	163028490639916	163028359761875
1271	42.366667	163028360144625	163028396174500	consumed-notification	163028523967583	163028396183875
1272	42.400000	163028396674750	163028415114083	consumed-notification	163028557245958	163028415123000
1273	42.433333	163028415480583	163028450420458	consumed-notification	163028590578666	163028450429166
1274	42.466667	163028450766875	163028487982625	consumed-notification	163028623903916	163028487993208
1275	42.500000	163028488302375	163028524630250	consumed-notification	163028657219083	163028524640166
1276	42.533333	163028524996083	163028559266541	consumed-notification	163028690563291	163028559274500
1277	42.566667	163028559539875	163028596713791	consumed-notification	163028723880500	163028596719875
1278	42.600000	163028596864166	163028614373458	consumed-notification	163028757221375	163028614379000
1279	42.633333	163028614516750	163028650514541	consumed-notification	163028790547666	163028650517375
1280	42.666667	163028650605666	163028686463500	consumed-notification	163028823890125	163028686467250
1281	42.700000	163028686586291	163028723869458	consumed-notification	163028857240750	163028723872791
1282	42.733333	163028723953666	163028760291041	consumed-notification	163028890569791	163028760293875
1283	42.766667	163028760367666	163028778982750	consumed-notification	163028923961208	163028778985375
1284	42.800000	163028779061916	163028816378708	consumed-notification	163028957237000	163028816381916
1285	42.833333	163028816473125	163028852715708	consumed-notification	163028990564083	163028852721375
1286	42.866667	163028853135041	163028888836291	consumed-notification	163029023941916	163028888850000
1287	42.900000	163028889154500	163028926441791	consumed-notification	163029057236750	163028926460125
1288	42.933333	163028927095666	163028963090375	consumed-notification	163029090560375	163028963100333
1289	42.966667	163028963597500	163028981878041	consumed-notification	163029123936375	163028981884708
1290	43.000000	163028982116958	163029017135291	consumed-notification	163029157285916	163029017147500
1291	43.033333	163029017782291	163029054644416	consumed-notification	163029190581958	163029054649958
1292	43.066667	163029054802041	163029090318916	consumed-notification	163029223920333	163029090327083
1293	43.100000	163029091139416	163029127039708	consumed-notification	163029257240500	163029127050125
1294	43.133333	163029127650541	163029163383625	consumed-notification	163029290566083	163029163393375
1295	43.166667	163029163661625	163029182156833	consumed-notification	163029323907958	163029182168041
1296	43.200000	163029182614125	163029217686250	consumed-notification	163029357233916	163029217694500
1297	43.233333	163029218080708	163029254610250	consumed-notification	163029390569500	163029254621166
1298	43.266667	163029254913166	163029290548541	consumed-notification	163029423878708	163029290559541
1299	43.300000	163029290921916	163029327778375	consumed-notification	163029457241083	163029327807083
1300	43.333333	163029328038833	163029346117416	consumed-notification	163029490570000	163029346123791
1301	43.366667	163029346282750	163029382417416	consumed-notification	163029523905208	163029382423583
1302	43.400000	163029382636416	163029417924458	consumed-notification	163029557283958	163029417929541
1303	43.433333	163029418101750	163029454088416	consumed-notification	163029590546375	163029454095125
1304	43.466667	163029454325541	163029491493458	consumed-notification	163029623891333	163029491497833
1305	43.500000	163029491621208	163029527427000	consumed-notification	163029657224750	163029527437041
1306	43.533333	163029527735166	163029563627958	consumed-notification	163029690557458	163029563634208
1307	43.566667	163029563897500	163029580452875	consumed-notification	163029723887583	163029580457625
1308	43.600000	163029596619958	163029617595833	consumed-notification	163029757226750	163029617599500
1309	43.633333	163029617695416	163029653135041	consumed-notification	163029790575833	163029653138583
1310	43.666667	163029653231625	163029690532000	consumed-notification	163029823884833	163029690535000
1311	43.700000	163029690654500	163029726604041	consumed-notification	163029857221333	163029726607791
1312	43.733333	163029726741708	163029763586041	consumed-notification	163029890556500	163029763592708
1313	43.766667	163029763713958	163029782301083	consumed-notification	163029923882166	163029782305625
1314	43.800000	163029782418500	163029819659166	consumed-notification	163029957219666	163029819661875
1315	43.833333	163029819749500	163029857080708	consumed-notification	163029990559375	163029857082541
1316	43.866667	163029857169000	163029894519375	consumed-notification	163030024025875	163029894523250
1317	43.900000	163029894647500	163029913251666	consumed-notification	163030057259041	163029913257791
1318	43.933333	163029913388083	163029950629541	consumed-notification	163030090579000	163029950632416
1319	43.966667	163029950703875	163029988098583	consumed-notification	163030123891541	163029988103833
1320	44.000000	163029988249500	163030024154875	consumed-notification	163030157251083	163030024164916
1321	44.033333	163030025256000	163030060685250	consumed-notification	163030190580708	163030060703041
1322	44.066667	163030062263291	163030079375000	consumed-notification	163030223932125	163030079382833
1323	44.100000	163030082107583	163030115726625	consumed-notification	163030257241583	163030115733625
1324	44.133333	163030115940875	163030153277500	consumed-notification	163030290563541	163030153287625
1325	44.166667	163030153907750	163030189971541	consumed-notification	163030323896166	163030189980291
1326	44.200000	163030190277875	163030226842666	consumed-notification	163030357268041	163030226851500
1327	44.233333	163030227216875	163030263655916	consumed-notification	163030390545583	163030263663416
1328	44.266667	163030263802250	163030280582708	consumed-notification	163030423891000	163030280587833
1329	44.300000	163030280705041	163030318016541	consumed-notification	163030457214666	163030318021291
1330	44.333333	163030318109958	163030355413208	consumed-notification	163030490544000	163030355416708
1331	44.366667	163030355521708	163030392805375	consumed-notification	163030523876958	163030392808291
1332	44.400000	163030392901541	163030430206083	consumed-notification	163030557224875	163030430208291
1333	44.433333	163030430306250	163030448900750	consumed-notification	163030590548625	163030448902875
1334	44.466667	163030448989500	163030486301166	consumed-notification	163030623884333	163030486303666
1335	44.500000	163030486388541	163030523682083	consumed-notification	163030657211583	163030523684333
1336	44.533333	163030523770333	163030561069541	consumed-notification	163030690556333	163030561071833
1337	44.566667	163030561159125	163030579770083	consumed-notification	163030723880666	163030579772625
1338	44.600000	163030579842750	163030617173041	consumed-notification	163030757227333	163030617175458
1339	44.633333	163030617299291	163030654599541	consumed-notification	163030790551375	163030654602416
1340	44.666667	163030654708458	163030692067875	consumed-notification	163030823879916	163030692072458
1341	44.700000	163030692244416	163030729522375	consumed-notification	163030857213500	163030729527458
1342	44.733333	163030729655833	163030747001583	consumed-notification	163030890550541	163030747005708
1343	44.766667	163030747116833	163030784411958	consumed-notification	163030923878833	163030784416000
1344	44.800000	163030784511333	163030821830000	consumed-notification	163030957211916	163030821833500
1345	44.833333	163030821914875	163030859221291	consumed-notification	163030990541083	163030859224000
1346	44.866667	163030859300916	163030896608333	consumed-notification	163031023881916	163030896610916
1347	44.900000	163030896696458	163030914726291	consumed-notification	163031057208750	163030914728750
1348	44.933333	163030914817458	163030952129666	consumed-notification	163031090550666	163030952132583
1349	44.966667	163030952228333	163030989519916	consumed-notification	163031123876458	163030989522500
1350	45.000000	163030989610000	163031027004375	consumed-notification	163031157209916	163031027009500
1351	45.033333	163031027110916	163031045713750	consumed-notification	163031190543875	163031045717916
1352	45.066667	163031045807041	163031083124500	consumed-notification	163031223877166	163031083127333
1353	45.100000	163031083222750	163031120513083	consumed-notification	163031257217750	163031120516125
1354	45.133333	163031120599083	163031157941208	consumed-notification	163031290543750	163031157945416
1355	45.166667	163031158044750	163031195332375	consumed-notification	163031323888541	163031195336375
1356	45.200000	163031195425000	163031214025250	consumed-notification	163031357209041	163031214027958
1357	45.233333	163031214088250	163031251416625	consumed-notification	163031390540000	163031251419250
1358	45.266667	163031251492625	163031288828708	consumed-notification	163031423881333	163031288833291
1359	45.300000	163031288898708	163031326195833	consumed-notification	163031457210333	163031326198625
1360	45.333333	163031326264666	163031363573708	consumed-notification	163031490541041	163031363576625
1361	45.366667	163031363648250	163031381549708	consumed-notification	163031523876875	163031381551708
1362	45.400000	163031381644458	163031418517208	consumed-notification	163031557210791	163031418520041
1363	45.433333	163031418636541	163031455926833	consumed-notification	163031590549750	163031455929791
1364	45.466667	163031456057083	163031492556416	consumed-notification	163031624322500	163031492558958
1365	45.500000	163031492659625	163031529978708	consumed-notification	163031657211041	163031529981541
1366	45.533333	163031530089416	163031548693750	consumed-notification	163031690545291	163031548697125
1367	45.566667	163031548801416	163031586099416	consumed-notification	163031723874166	163031586102500
1368	45.600000	163031586201833	163031623499416	consumed-notification	163031757208958	163031623503083
1369	45.633333	163031623603333	163031659984875	consumed-notification	163031790537583	163031659988458
1370	45.666667	163031660078291	163031678688958	consumed-notification	163031823876541	163031678691333
1371	45.700000	163031678777083	163031716086125	consumed-notification	163031857208000	163031716088958
1372	45.733333	163031716184166	163031751742583	consumed-notification	163031890546791	163031751745791
1373	45.766667	163031751838000	163031789127416	consumed-notification	163031923872583	163031789129916
1374	45.800000	163031789246125	163031826524458	consumed-notification	163031957201708	163031826526708
1375	45.833333	163031826621500	163031845248125	consumed-notification	163031990544125	163031845252333
1376	45.866667	163031845325250	163031882628625	consumed-notification	163032023874666	163031882632208
1377	45.900000	163031882727791	163031920007000	consumed-notification	163032057203250	163031920009208
1378	45.933333	163031920100291	163031957392666	consumed-notification	163032090536583	163031957394833
1379	45.966667	163031957468708	163031994768083	consumed-notification	163032123867750	163031994770041
1380	46.000000	163031994852250	163032013470291	consumed-notification	163032157210416	163032013473000
1381	46.033333	163032013544166	163032050862500	consumed-notification	163032190556833	163032050865666
1382	46.066667	163032050947875	163032088247958	consumed-notification	163032223872416	163032088250750
1383	46.100000	163032088339625	163032125620291	consumed-notification	163032257212916	163032125622875
1384	46.133333	163032125708666	163032159724833	consumed-notification	163032290546416	163032159727750
1385	46.166667	163032159807958	163032197141333	consumed-notification	163032323880000	163032197144416
1386	46.200000	163032197233291	163032215834583	consumed-notification	163032357200833	163032215837625
1387	46.233333	163032215926416	163032253369166	consumed-notification	163032390532375	163032253375041
1388	46.266667	163032253546625	163032289288000	consumed-notification	163032423873458	163032289294291
1389	46.300000	163032289438000	163032325668875	consumed-notification	163032457210625	163032325674666
1390	46.333333	163032325845416	163032360989666	consumed-notification	163032490550916	163032360992708
1391	46.366667	163032361058125	163032397144125	consumed-notification	163032523890583	163032397148166
1392	46.400000	163032397217291	163032415433791	consumed-notification	163032557211708	163032415436583
1393	46.433333	163032415515166	163032452820000	consumed-notification	163032590538375	163032452822708
1394	46.466667	163032452886833	163032490232416	consumed-notification	163032623881041	163032490235750
1395	46.500000	163032490317541	163032527689625	consumed-notification	163032657206708	163032527693083
1396	46.533333	163032527812208	163032546372708	consumed-notification	163032690542375	163032546375625
1397	46.566667	163032546474166	163032582060416	consumed-notification	163032723876833	163032582063000
1398	46.600000	163032582108125	163032619439916	consumed-notification	163032757208541	163032619442458
1399	46.633333	163032619539583	163032656850875	consumed-notification	163032790549250	163032656854125
1400	46.666667	163032656946708	163032693728291	consumed-notification	163032819713666	163032693735583
1401	46.700000	163032694131208	163032712436041	consumed-notification	163032853039666	163032712441541
1402	46.733333	163032715602000	163032749048916	consumed-notification	163032886373208	163032749052666
1403	46.766667	163032749135458	163032786539666	consumed-notification	163032919721000	163032786546750
1404	46.800000	163032787832541	163032822277125	consumed-notification	163032953040041	163032822283708
1405	46.833333	163032823623958	163032856813166	consumed-notification	163032986684083	163032856816833
1406	46.866667	163032856901750	163032894229625	consumed-notification	163033019716750	163032894232833
1407	46.900000	163032894317333	163032929655791	consumed-notification	163033053037791	163032929659083
1408	46.933333	163032929732333	163032967047125	consumed-notification	163033086377166	163032967050666
1409	46.966667	163032967138541	163032985749833	consumed-notification	163033119707250	163032985752583
1410	47.000000	163032985819958	163033023162583	consumed-notification	163033153045958	163033023165791
1411	47.033333	163033023277583	163033060535791	consumed-notification	163033186370291	163033060538375
1412	47.066667	163033060617416	163033097925541	consumed-notification	163033219701916	163033097927916
1413	47.100000	163033098001625	163033116650458	consumed-notification	163033253044625	163033116654250
1414	47.133333	163033116747291	163033153373541	consumed-notification	163033286390333	163033153376291
1415	47.166667	163033153463416	163033190799750	consumed-notification	163033319708416	163033190803500
1416	47.200000	163033190875083	163033228180500	consumed-notification	163033353034166	163033228183458
1417	47.233333	163033228267500	163033265633291	consumed-notification	163033386381666	163033265638208
1418	47.266667	163033265729166	163033283949916	consumed-notification	163033419716208	163033283954125
1419	47.300000	163033284042541	163033321371208	consumed-notification	163033453133000	163033321375125
1420	47.333333	163033321485458	163033358803583	consumed-notification	163033486374416	163033358807250
1421	47.366667	163033358892583	163033396192583	consumed-notification	163033519701708	163033396195833
1422	47.400000	163033396278291	163033433586416	consumed-notification	163033553045625	163033433589833
1423	47.433333	163033433663500	163033452275625	consumed-notification	163033586372041	163033452278166
1424	47.466667	163033452361541	163033489678083	consumed-notification	163033619708583	163033489680375
1425	47.500000	163033489750416	163033527076833	consumed-notification	163033653041291	163033527079375
1426	47.533333	163033527190083	163033564504166	consumed-notification	163033686375833	163033564508083
1427	47.566667	163033564598625	163033583198833	consumed-notification	163033719703125	163033583201750
1428	47.600000	163033583288000	163033620612541	consumed-notification	163033753049125	163033620616333
1429	47.633333	163033620715500	163033658004833	consumed-notification	163033786375958	163033658007916
1430	47.666667	163033658089500	163033695393500	consumed-notification	163033819701541	163033695396416
1431	47.700000	163033695467000	163033732774333	consumed-notification	163033853035625	163033732777166
1432	47.733333	163033732861250	163033751479000	consumed-notification	163033886380458	163033751481583
1433	47.766667	163033751580708	163033788920291	consumed-notification	163033919699250	163033788924041
1434	47.800000	163033789011750	163033826316916	consumed-notification	163033953038250	163033826320000
1435	47.833333	163033826404333	163033863702666	consumed-notification	163033986374375	163033863706000
1436	47.866667	163033863766166	163033901084708	consumed-notification	163034019700583	163033901087833
1437	47.900000	163033901152750	163033919797208	consumed-notification	163034053041125	163033919800625
1438	47.933333	163033919864875	163033957181625	consumed-notification	163034086369833	163033957184541
1439	47.966667	163033957233458	163033994534250	consumed-notification	163034119696333	163033994537166
1440	48.000000	163033994596666	163034031889708	consumed-notification	163034153041875	163034031891833
1441	48.033333	163034031937750	163034050570875	consumed-notification	163034186378916	163034050572708
1442	48.066667	163034050652875	163034087938833	consumed-notification	163034219721666	163034087941083
1443	48.100000	163034087996500	163034125437583	consumed-notification	163034253050916	163034125442500
1444	48.133333	163034125646041	163034162728541	consumed-notification	163034286373166	163034162734500
1445	48.166667	163034162959500	163034198558375	consumed-notification	163034319704916	163034198565708
1446	48.200000	163034199010333	163034234550375	consumed-notification	163034353045291	163034234555708
1447	48.233333	163034234748541	163034253188166	consumed-notification	163034386366458	163034253193916
1448	48.266667	163034253380791	163034288183625	consumed-notification	163034419703583	163034288185875
1449	48.300000	163034288268833	163034324071041	consumed-notification	163034453056750	163034324077083
1450	48.333333	163034324274458	163034361500000	consumed-notification	163034486377416	163034361505291
1451	48.366667	163034361682000	163034398050291	consumed-notification	163034519704000	163034398059583
1452	48.400000	163034398299541	163034434499708	consumed-notification	163034553044541	163034434506541
1453	48.433333	163034434685250	163034451386125	consumed-notification	163034586387291	163034451390458
1454	48.466667	163034451545500	163034488551500	consumed-notification	163034619709708	163034488557666
1455	48.500000	163034488882583	163034524218333	consumed-notification	163034653029541	163034524223958
1456	48.533333	163034524378666	163034560566625	consumed-notification	163034686379666	163034560572500
1457	48.566667	163034560746708	163034595275291	consumed-notification	163034719705041	163034595281291
1458	48.600000	163034595509041	163034632754041	consumed-notification	163034753029958	163034632760416
1459	48.633333	163034632883458	163034651431416	consumed-notification	163034786364833	163034651435083
1460	48.666667	163034651513916	163034687949791	consumed-notification	163034819705375	163034687954041
1461	48.700000	163034688045458	163034725345916	consumed-notification	163034853038625	163034725349541
1462	48.733333	163034725423083	163034762724250	consumed-notification	163034886363541	163034762726875
1463	48.766667	163034762811708	163034798308375	consumed-notification	163034919694541	163034798310833
1464	48.800000	163034798381791	163034817012875	consumed-notification	163034953029541	163034817015208
1465	48.833333	163034817075750	163034854374750	consumed-notification	163034986380333	163034854376916
1466	48.866667	163034854437833	163034891741750	consumed-notification	163035019735916	163034891744208
1467	48.900000	163034891809250	163034929118916	consumed-notification	163035053050791	163034929121250
1468	48.933333	163034929181250	163034966475625	consumed-notification	163035086388166	163034966478750
1469	48.966667	163034966531250	163034983666791	consumed-notification	163035119726416	163034983672125
1470	49.000000	163034983830583	163035018301125	consumed-notification	163035153054333	163035018307041
1471	49.033333	163035018520000	163035055180000	consumed-notification	163035186391916	163035055185666
1472	49.066667	163035055363875	163035092275916	consumed-notification	163035219728875	163035092281666
1473	49.100000	163035092504916	163035127871583	consumed-notification	163035253051500	163035127879708
1474	49.133333	163035128133541	163035163325750	consumed-notification	163035286374125	163035163334833
1475	49.166667	163035163595375	163035200761166	consumed-notification	163035319711875	163035200771750
1476	49.200000	163035201092416	163035218433791	consumed-notification	163035353049041	163035218441291
1477	49.233333	163035218698500	163035253696625	consumed-notification	163035386411458	163035253704666
1478	49.266667	163035253960250	163035290769666	consumed-notification	163035419731541	163035290775958
1479	49.300000	163035290934166	163035327736208	consumed-notification	163035453214583	163035327742458
1480	49.333333	163035327981875	163035365253416	consumed-notification	163035486402916	163035365261250
1481	49.366667	163035367470666	163035399782958	consumed-notification	163035519727750	163035399792500
1482	49.400000	163035400121875	163035417285083	consumed-notification	163035553067916	163035417293083
1483	49.433333	163035417505916	163035453197750	consumed-notification	163035586423416	163035453204500
1484	49.466667	163035453726791	163035489267208	consumed-notification	163035619726333	163035489276000
1485	49.500000	163035489525250	163035525385375	consumed-notification	163035653042708	163035525395333
1486	49.533333	163035525819875	163035561751833	consumed-notification	163035686365000	163035561760583
1487	49.566667	163035562080833	163035598199750	consumed-notification	163035719705750	163035598211750
1488	49.600000	163035598680041	163035616882583	consumed-notification	163035753032833	163035616891500
1489	49.633333	163035616975666	163035652908166	consumed-notification	163035786422083	163035652914208
1490	49.666667	163035653037875	163035690296166	consumed-notification	163035819699208	163035690299958
1491	49.700000	163035690462875	163035726067458	consumed-notification	163035853066625	163035726071208
1492	49.733333	163035726180166	163035763508833	consumed-notification	163035886373125	163035763512375
1493	49.766667	163035763596875	163035800934833	consumed-notification	163035919697208	163035800938458
1494	49.800000	163035801013541	163035819639583	consumed-notification	163035953037375	163035819643041
1495	49.833333	163035819763333	163035856437375	consumed-notification	163035986368000	163035856441875
1496	49.866667	163035856551875	163035892594625	consumed-notification	163036019718958	163035892599625
1497	49.900000	163035892719541	163035929998083	consumed-notification	163036053036791	163035930000875
1498	49.933333	163035930075291	163035967400666	consumed-notification	163036086371541	163035967402833
1499	49.966667	163035967466375	163035986096583	consumed-notification	163036119734083	163035986098250
1500	50.000000	163035986163125	163036023529500	consumed-notification	163036153038083	163036023531583
1501	50.033333	163036023635041	163036061000958	consumed-notification	163036186376333	163036061004083
1502	50.066667	163036061218583	163036098419416	consumed-notification	163036219702125	163036098422041
1503	50.100000	163036098533833	163036117134208	consumed-notification	163036253055250	163036117137041
1504	50.133333	163036117276916	163036152731333	consumed-notification	163036286391666	163036152738416
1505	50.166667	163036152895041	163036189258041	consumed-notification	163036319726333	163036189262958
1506	50.200000	163036189417041	163036226672750	consumed-notification	163036353071875	163036226676958
1507	50.233333	163036226835333	163036264235458	consumed-notification	163036386390250	163036264248625
1508	50.266667	163036264630791	163036301276625	consumed-notification	163036419768000	163036301286125
1509	50.300000	163036301944833	163036320036083	consumed-notification	163036453042625	163036320041916
1510	50.333333	163036320535791	163036357417208	consumed-notification	163036486387958	163036357425583
1511	50.366667	163036357933375	163036392228791	consumed-notification	163036519737250	163036392239541
1512	50.400000	163036393358333	163036428646541	consumed-notification	163036553093916	163036428657875
1513	50.433333	163036429529750	163036465344041	consumed-notification	163036586388083	163036465353416
1514	50.466667	163036465749500	163036484208541	consumed-notification	163036619716541	163036484214791
1515	50.500000	163036484728416	163036519963625	consumed-notification	163036653084416	163036519971125
1516	50.533333	163036520536500	163036557005000	consumed-notification	163036686391916	163036557014375
1517	50.566667	163036557504083	163036592987125	consumed-notification	163036719725958	163036592994000
1518	50.600000	163036593295250	163036628238375	consumed-notification	163036753086875	163036628246041
1519	50.633333	163036628533416	163036665350458	consumed-notification	163036786371958	163036665360458
1520	50.666667	163036665891458	163036701325666	consumed-notification	163036819697500	163036701333416
1521	50.700000	163036701802750	163036720037000	consumed-notification	163036853039750	163036720043625
1522	50.733333	163036720347666	163036756500166	consumed-notification	163036886660041	163036756507958
1523	50.766667	163036758344875	163036792376208	consumed-notification	163036919696250	163036792382708
1524	50.800000	163036792595250	163036829729666	consumed-notification	163036953041916	163036829733875
1525	50.833333	163036829897666	163036867162666	consumed-notification	163036986370958	163036867167750
1526	50.866667	163036867264166	163036885859208	consumed-notification	163037019754291	163036885861750
1527	50.900000	163036885943458	163036923271875	consumed-notification	163037053088291	163036923274166
1528	50.933333	163036923350166	163036960691208	consumed-notification	163037086388041	163036960694416
1529	50.966667	163036960789083	163036998099541	consumed-notification	163037119716583	163036998102166
1530	51.000000	163036998187916	163037016800166	consumed-notification	163037153084166	163037016803875
1531	51.033333	163037016875333	163037054474125	consumed-notification	163037186368458	163037054487416
1532	51.066667	163037054896708	163037092047291	consumed-notification	163037219731916	163037092061666
1533	51.100000	163037092518250	163037129496416	consumed-notification	163037253050875	163037129506958
1534	51.133333	163037129962625	163037165265875	consumed-notification	163037286390166	163037165272250
1535	51.166667	163037165497708	163037183924916	consumed-notification	163037319708416	163037183929166
1536	51.200000	163037184041166	163037221544458	consumed-notification	163037353081250	163037221555458
1537	51.233333	163037221909375	163037256940000	consumed-notification	163037386389166	163037256949583
1538	51.266667	163037257261458	163037294518625	consumed-notification	163037419715666	163037294531666
1539	51.300000	163037294918583	163037329539125	consumed-notification	163037457207291	163037329547791
1540	51.333333	163037329841083	163037366853916	consumed-notification	163037490545416	163037366863083
1541	51.366667	163037367277250	163037385388375	consumed-notification	163037523900166	163037385395375
1542	51.400000	163037385658000	163037422212833	consumed-notification	163037557197500	163037422224000
1543	51.433333	163037423349666	163037459609833	consumed-notification	163037590538541	163037459623916
1544	51.466667	163037460003458	163037497090958	consumed-notification	163037623880333	163037497100291
1545	51.500000	163037497678958	163037515311583	consumed-notification	163037657214916	163037515318166
1546	51.533333	163037515756083	163037552875666	consumed-notification	163037690554583	163037552885750
1547	51.566667	163037553839208	163037590314416	consumed-notification	163037723880166	163037590324041
1548	51.600000	163037590712166	163037626061958	consumed-notification	163037757222750	163037626071250
1549	51.633333	163037626366458	163037663622000	consumed-notification	163037790567958	163037663630750
1550	51.666667	163037664014416	163037681171958	consumed-notification	163037823866791	163037681179833
1551	51.700000	163037682592958	163037718766375	consumed-notification	163037857197541	163037718776666
1552	51.733333	163037719151250	163037755086250	consumed-notification	163037890531291	163037755093625
1553	51.766667	163037755402583	163037792337250	consumed-notification	163037923911000	163037792343875
1554	51.800000	163037792506750	163037829730416	consumed-notification	163037957215750	163037829735083
1555	51.833333	163037829858291	163037848404458	consumed-notification	163037990600666	163037848406375
1556	51.866667	163037848524666	163037885851791	consumed-notification	163038023903208	163037885856958
1557	51.900000	163037885978125	163037923496166	consumed-notification	163038057200708	163037923505041
1558	51.933333	163037923935541	163037959306625	consumed-notification	163038090551000	163037959316500
1559	51.966667	163037959718708	163037996414916	consumed-notification	163038123901333	163037996423958
1560	52.000000	163037996916458	163038015261166	consumed-notification	163038157317875	163038015269916
1561	52.033333	163038016238708	163038052731500	consumed-notification	163038190527458	163038052737000
1562	52.066667	163038052935625	163038090163625	consumed-notification	163038223854958	163038090167833
1563	52.100000	163038090331583	163038127916375	consumed-notification	163038257203750	163038127925958
1564	52.133333	163038129007666	163038162919708	consumed-notification	163038290523416	163038162929875
1565	52.166667	163038163199833	163038181671958	consumed-notification	163038323863708	163038181678583
1566	52.200000	163038181892958	163038217632250	consumed-notification	163038357240500	163038217642041
1567	52.233333	163038218183750	163038253365250	consumed-notification	163038390539875	163038253371250
1568	52.266667	163038253547916	163038290670833	consumed-notification	163038423864750	163038290676875
1569	52.300000	163038290824541	163038328186416	consumed-notification	163038457202541	163038328196791
1570	52.333333	163038328629083	163038346954500	consumed-notification	163038490556041	163038346960125
1571	52.366667	163038347211125	163038383641791	consumed-notification	163038523877416	163038383651500
1572	52.400000	163038384089791	163038419535000	consumed-notification	163038557208166	163038419549041
1573	52.433333	163038420067500	163038457000416	consumed-notification	163038590543291	163038457009125
1574	52.466667	163038457620666	163038492267291	consumed-notification	163038623875500	163038492281916
1575	52.500000	163038492772208	163038527142041	consumed-notification	163038657196291	163038527149791
1576	52.533333	163038527437333	163038563857416	consumed-notification	163038690519083	163038563867625
1577	52.566667	163038564258125	163038582621916	consumed-notification	163038723854041	163038582633333
1578	52.600000	163038582998416	163038619825416	consumed-notification	163038757207083	163038619837333
1579	52.633333	163038620457291	163038657204750	consumed-notification	163038790542000	163038657210458
1580	52.666667	163038657347291	163038694567458	consumed-notification	163038823873958	163038694570083
1581	52.700000	163038694657666	163038713277458	consumed-notification	163038857206750	163038713279916
1582	52.733333	163038713384625	163038750707958	consumed-notification	163038890529250	163038750710625
1583	52.766667	163038750809250	163038788155041	consumed-notification	163038923865125	163038788158416
1584	52.800000	163038788309958	163038825573208	consumed-notification	163038957196833	163038825576875
1585	52.833333	163038825700666	163038862980000	consumed-notification	163038990523041	163038862982000
1586	52.866667	163038863077416	163038881211750	consumed-notification	163039023861291	163038881222208
1587	52.900000	163038885809041	163038918714541	consumed-notification	163039057187875	163038918723791
1588	52.933333	163038919020833	163038954064458	consumed-notification	163039090519291	163038954071625
1589	52.966667	163038954213250	163038991418625	consumed-notification	163039123870208	163038991422500
1590	53.000000	163038991535833	163039027352250	consumed-notification	163039157189833	163039027355666
1591	53.033333	163039027453500	163039046095416	consumed-notification	163039190541041	163039046100208
1592	53.066667	163039046215000	163039081737166	consumed-notification	163039223870833	163039081740291
1593	53.100000	163039081836041	163039119123708	consumed-notification	163039257212250	163039119126083
1594	53.133333	163039119211458	163039156527125	consumed-notification	163039290586458	163039156529750
1595	53.166667	163039156624458	163039192179333	consumed-notification	163039323872500	163039192184416
1596	53.200000	163039192273000	163039229601375	consumed-notification	163039357219666	163039229604708
1597	53.233333	163039229702416	163039247478416	consumed-notification	163039390526041	163039247483041
1598	53.266667	163039247586750	163039284771458	consumed-notification	163039423875166	163039284782750
1599	53.300000	163039285539333	163039322286833	consumed-notification	163039457210208	163039322297583
1600	53.333333	163039322597625	163039359507916	consumed-notification	163039490552416	163039359518625
1601	53.366667	163039359805000	163039396250583	consumed-notification	163039523926458	163039396260625
1602	53.400000	163039396947583	163039413556458	consumed-notification	163039557212333	163039413565916
1603	53.433333	163039413825500	163039450533416	consumed-notification	163039590548750	163039450541833
1604	53.466667	163039450896916	163039487684875	consumed-notification	163039623876666	163039487694416
1605	53.500000	163039488091208	163039524816041	consumed-notification	163039657201083	163039524825833
1606	53.533333	163039525579000	163039561173583	consumed-notification	163039690530750	163039561183541
1607	53.566667	163039561584708	163039579946833	consumed-notification	163039723844958	163039579954416
1608	53.600000	163039580303375	163039615738625	consumed-notification	163039757188708	163039615746416
1609	53.633333	163039616074083	163039651378416	consumed-notification	163039790514291	163039651385375
1610	53.666667	163039651559000	163039688772708	consumed-notification	163039823851125	163039688777875
1611	53.700000	163039688860125	163039726160833	consumed-notification	163039857204583	163039726164416
1612	53.733333	163039726259791	163039763536166	consumed-notification	163039890529458	163039763538791
1613	53.766667	163039763622958	163039782231833	consumed-notification	163039923858208	163039782235500
1614	53.800000	163039782342666	163039819601333	consumed-notification	163039957179166	163039819603500
1615	53.833333	163039819686333	163039857026000	consumed-notification	163039990515291	163039857028541
1616	53.866667	163039857127416	163039892487000	consumed-notification	163040023838416	163039892491208
1617	53.900000	163039892600333	163039929913208	consumed-notification	163040057178208	163039929916750
1618	53.933333	163039929994083	163039948601500	consumed-notification	163040090509875	163039948603750
1619	53.966667	163039948695541	163039985988208	consumed-notification	163040123865625	163039985991250
1620	54.000000	163039986075375	163040023354375	consumed-notification	163040157209083	163040023357166
1621	54.033333	163040023437166	163040060752791	consumed-notification	163040190551083	163040060755958
1622	54.066667	163040060825083	163040096807750	consumed-notification	163040223865458	163040096810250
1623	54.100000	163040096891583	163040115244083	consumed-notification	163040257197041	163040115249666
1624	54.133333	163040115457750	163040152269500	consumed-notification	163040290549875	163040152278750
1625	54.166667	163040153046958	163040189856458	consumed-notification	163040323902666	163040189866041
1626	54.200000	163040190143791	163040227198375	consumed-notification	163040357441708	163040227207875
1627	54.233333	163040227515666	163040263171083	consumed-notification	163040390541083	163040263183083
1628	54.266667	163040263643416	163040281352875	consumed-notification	163040423876750	163040281362333
1629	54.300000	163040281715291	163040317383166	consumed-notification	163040457195666	163040317392833
1630	54.333333	163040317852833	163040354969416	consumed-notification	163040490582000	163040354981583
1631	54.366667	163040355569291	163040391533250	consumed-notification	163040523871583	163040391545000
1632	54.400000	163040392404208	163040426263875	consumed-notification	163040557235791	163040426274333
1633	54.433333	163040426694916	163040461965750	consumed-notification	163040590527041	163040461974375
1634	54.466667	163040462243708	163040480775791	consumed-notification	163040623876375	163040480783458
1635	54.500000	163040481388958	163040516395333	consumed-notification	163040657210166	163040516401791
1636	54.533333	163040516574416	163040553978916	consumed-notification	163040690586958	163040553994000
1637	54.566667	163040554757375	163040590306750	consumed-notification	163040723874166	163040590317000
1638	54.600000	163040590749250	163040626704291	consumed-notification	163040757194625	163040626714666
1639	54.633333	163040627060916	163040645455833	consumed-notification	163040790514916	163040645463333
1640	54.666667	163040645753541	163040682695083	consumed-notification	163040823853708	163040682704166
1641	54.700000	163040683011666	163040719530166	consumed-notification	163040857216458	163040719543000
1642	54.733333	163040719941083	163040756010083	consumed-notification	163040890535458	163040756015875
1643	54.766667	163040756143250	163040792208208	consumed-notification	163040923970333	163040792211958
1644	54.800000	163040792301833	163040829631125	consumed-notification	163040957220875	163040829634958
1645	54.833333	163040829741916	163040848359833	consumed-notification	163040990539208	163040848365666
1646	54.866667	163040848503166	163040885786791	consumed-notification	163041023877375	163040885790291
1647	54.900000	163040885925000	163040922651333	consumed-notification	163041057245000	163040922655708
1648	54.933333	163040922802791	163040960274375	consumed-notification	163041090577958	163040960288666
1649	54.966667	163040960738791	163040978866541	consumed-notification	163041123920166	163040978874083
1650	55.000000	163040979227041	163041014548791	consumed-notification	163041157215583	163041014556791
1651	55.033333	163041014865083	163041050665458	consumed-notification	163041190542666	163041050673750
1652	55.066667	163041051120416	163041088285375	consumed-notification	163041223891666	163041088295916
1653	55.100000	163041088729208	163041125776791	consumed-notification	163041257192041	163041125790958
1654	55.133333	163041126427416	163041162662583	consumed-notification	163041290548625	163041162673000
1655	55.166667	163041162965125	163041181433583	consumed-notification	163041323908958	163041181441250
1656	55.200000	163041181804125	163041217182291	consumed-notification	163041357200625	163041217191416
1657	55.233333	163041217510500	163041253423458	consumed-notification	163041390532625	163041253432625
1658	55.266667	163041253712791	163041289271500	consumed-notification	163041423863375	163041289282875
1659	55.300000	163041289725791	163041325267583	consumed-notification	163041457200166	163041325277041
1660	55.333333	163041325660000	163041361732291	consumed-notification	163041490526083	163041361740083
1661	55.366667	163041362089500	163041380544291	consumed-notification	163041523857458	163041380552833
1662	55.400000	163041380823208	163041435713625	consumed-notification	163041557180833	163041435725750
1663	55.433333	163041436170708	163041453428625	consumed-notification	163041590516041	163041453434000
1664	55.466667	163041453608166	163041490904166	consumed-notification	163041623865458	163041490911375
1665	55.500000	163041491187791	163041526840416	consumed-notification	163041657175500	163041526846208
1666	55.533333	163041527006958	163041545562083	consumed-notification	163041690543083	163041545566666
1667	55.566667	163041545704500	163041582320708	consumed-notification	163041723867291	163041582329333
1668	55.600000	163041582518291	163041619803000	consumed-notification	163041757206750	163041619809250
1669	55.633333	163041620034750	163041657312166	consumed-notification	163041790515125	163041657318958
1670	55.666667	163041657583583	163041694875708	consumed-notification	163041823854458	163041694885125
1671	55.700000	163041695200541	163041713574041	consumed-notification	163041853046250	163041713581416
1672	55.733333	163041713909666	163041749205583	consumed-notification	163041886349000	163041749213083
1673	55.766667	163041749603000	163041786019291	consumed-notification	163041919717041	163041786026333
1674	55.800000	163041786251166	163041823506958	consumed-notification	163041953031416	163041823517458
1675	55.833333	163041824228458	163041860023291	consumed-notification	163041994740666	163041860032916
1676	55.866667	163041860450500	163041895401500	consumed-notification	163042019704333	163041895412916
1677	55.900000	163041895764291	163041932674000	consumed-notification	163042053019000	163041932683083
1678	55.933333	163041932952875	163041950205958	consumed-notification	163042086347750	163041950213250
1679	55.966667	163041950586708	163041986120125	consumed-notification	163042119668791	163041986128791
1680	56.000000	163041986788041	163042023256500	consumed-notification	163042153022458	163042023264125
1681	56.033333	163042023423625	163042060681750	consumed-notification	163042186341541	163042060686666
1682	56.066667	163042060808833	163042098098375	consumed-notification	163042219678625	163042098102791
1683	56.100000	163042098200791	163042116789750	consumed-notification	163042253024541	163042116792250
1684	56.133333	163042116896083	163042154228833	consumed-notification	163042286345166	163042154232500
1685	56.166667	163042154341750	163042189750000	consumed-notification	163042319746500	163042189755041
1686	56.200000	163042189842000	163042227169000	consumed-notification	163042353043291	163042227173916
1687	56.233333	163042227313625	163042262603666	consumed-notification	163042386357416	163042262608458
1688	56.266667	163042262779625	163042300033666	consumed-notification	163042419726250	163042300037583
1689	56.300000	163042300191125	163042318984958	consumed-notification	163042453021000	163042318999791
1690	56.333333	163042319336791	163042354805083	consumed-notification	163042486350500	163042354816083
1691	56.366667	163042355393291	163042392364041	consumed-notification	163042519687541	163042392372333
1692	56.400000	163042392728083	163042428627708	consumed-notification	163042553022041	163042428638833
1693	56.433333	163042429184708	163042464787333	consumed-notification	163042586359500	163042464791875
1694	56.466667	163042464942583	163042483491625	consumed-notification	163042619683291	163042483494916
1695	56.500000	163042483585708	163042520898500	consumed-notification	163042653490583	163042520902750
1696	56.533333	163042521016083	163042558322083	consumed-notification	163042686402250	163042558326791
1697	56.566667	163042558402958	163042595702416	consumed-notification	163042719706125	163042595705958
1698	56.600000	163042595824000	163042633335791	consumed-notification	163042753061833	163042633344916
1699	56.633333	163042633725166	163042650675958	consumed-notification	163042786359833	163042650684958
1700	56.666667	163042651116166	163042687972250	consumed-notification	163042819691750	163042687983125
1701	56.700000	163042688560958	163042724955958	consumed-notification	163042853025000	163042724965750
1702	56.733333	163042725511500	163042760077833	consumed-notification	163042886378333	163042760088583
1703	56.766667	163042760595833	163042795624833	consumed-notification	163042919692708	163042795630833
1704	56.800000	163042795794250	163042833015291	consumed-notification	163042953040500	163042833020416
1705	56.833333	163042833135208	163042850689291	consumed-notification	163042986366833	163042850696916
1706	56.866667	163042851031458	163042888231125	consumed-notification	163043019678291	163042888241833
1707	56.900000	163042888794958	163042924606500	consumed-notification	163043053006208	163042924622625
1708	56.933333	163042925129250	163042960791041	consumed-notification	163043086340500	163042960802500
1709	56.966667	163042961798166	163042996831666	consumed-notification	163043119679583	163042996836416
1710	57.000000	163042996940541	163043034194708	consumed-notification	163043153000541	163043034197875
1711	57.033333	163043034276750	163043052876541	consumed-notification	163043186337166	163043052879208
1712	57.066667	163043052947208	163043090279125	consumed-notification	163043219669458	163043090282833
1713	57.100000	163043090366291	163043127390541	consumed-notification	163043253003291	163043127394791
1714	57.133333	163043127473500	163043163928625	consumed-notification	163043286333708	163043163932000
1715	57.166667	163043163992041	163043201327833	consumed-notification	163043319666958	163043201331916
1716	57.200000	163043201407125	163043220019541	consumed-notification	163043353008791	163043220021833
1717	57.233333	163043220103333	163043257445208	consumed-notification	163043386357083	163043257448541
1718	57.266667	163043257523041	163043294823958	consumed-notification	163043419685208	163043294826541
1719	57.300000	163043294905291	163043332205416	consumed-notification	163043453035208	163043332207916
1720	57.333333	163043332283083	163043350894083	consumed-notification	163043486406208	163043350895541
1721	57.366667	163043350975291	163043388314583	consumed-notification	163043519884875	163043388316958
1722	57.400000	163043388429041	163043425747625	consumed-notification	163043553047208	163043425752291
1723	57.433333	163043425875416	163043463214666	consumed-notification	163043586368125	163043463219375
1724	57.466667	163043463361541	163043500624375	consumed-notification	163043619771000	163043500628666
1725	57.500000	163043500752041	163043518954875	consumed-notification	163043653071833	163043518961875
1726	57.533333	163043519476625	163043554386958	consumed-notification	163043686490833	163043554394458
1727	57.566667	163043554705833	163043589744375	consumed-notification	163043719712416	163043589755291
1728	57.600000	163043592554791	163043625832291	consumed-notification	163043753032750	163043625842875
1729	57.633333	163043626243541	163043662763958	consumed-notification	163043786409166	163043662773750
1730	57.666667	163043663726125	163043699376333	consumed-notification	163043819687208	163043699385833
1731	57.700000	163043699893291	163043716933916	consumed-notification	163043853046250	163043716941375
1732	57.733333	163043717472750	163043752737583	consumed-notification	163043886346958	163043752747291
1733	57.766667	163043753559791	163043789556791	consumed-notification	163043919673041	163043789566250
1734	57.800000	163043789754916	163043826993166	consumed-notification	163043953044541	163043827000541
1735	57.833333	163043827169875	163043864434375	consumed-notification	163043986394250	163043864440750
1736	57.866667	163043867552625	163043883165291	consumed-notification	163044019733083	163043883170666
1737	57.900000	163043883327875	163043919863833	consumed-notification	163044053017291	163043919869208
1738	57.933333	163043920004208	163043957002875	consumed-notification	163044086359458	163043957016166
1739	57.966667	163043957393583	163043992606625	consumed-notification	163044119687250	163043992615458
1740	58.000000	163043992979708	163044028824166	consumed-notification	163044153065041	163044028833166
1741	58.033333	163044029202875	163044065234166	consumed-notification	163044186363041	163044065243250
1742	58.066667	163044065645791	163044083424166	consumed-notification	163044219695125	163044083430333
1743	58.100000	163044083583875	163044119911875	consumed-notification	163044253031666	163044119925166
1744	58.133333	163044120460958	163044155490500	consumed-notification	163044286381125	163044155501333
1745	58.166667	163044156172916	163044190277541	consumed-notification	163044320634666	163044190286791
1746	58.200000	163044190716875	163044227783250	consumed-notification	163044353081833	163044227791666
1747	58.233333	163044228212125	163044261628875	consumed-notification	163044386350416	163044261638208
1748	58.266667	163044262088416	163044298839583	consumed-notification	163044419702125	163044298850708
1749	58.300000	163044299334375	163044334625250	consumed-notification	163044453020750	163044334632416
1750	58.333333	163044334993708	163044353523500	consumed-notification	163044486383625	163044353534791
1751	58.366667	163044354174875	163044390982916	consumed-notification	163044519680375	163044390990666
1752	58.400000	163044391414166	163044428333583	consumed-notification	163044553013625	163044428342958
1753	58.433333	163044428749083	163044463079250	consumed-notification	163044586336291	163044463088458
1754	58.466667	163044463385250	163044497779041	consumed-notification	163044619669291	163044497784625
1755	58.500000	163044497913583	163044516436541	consumed-notification	163044653003500	163044516440125
1756	58.533333	163044516513833	163044553020708	consumed-notification	163044686326375	163044553023750
1757	58.566667	163044553139625	163044589961125	consumed-notification	163044719666250	163044589963791
1758	58.600000	163044590060375	163044627388583	consumed-notification	163044753000916	163044627392750
1759	58.633333	163044627495541	163044664781333	consumed-notification	163044786342625	163044664783750
1760	58.666667	163044664913625	163044683491916	consumed-notification	163044819680833	163044683494166
1761	58.700000	163044683590458	163044720921958	consumed-notification	163044853006583	163044720923791
1762	58.733333	163044721016125	163044758318791	consumed-notification	163044886341666	163044758321166
1763	58.766667	163044758405416	163044795772625	consumed-notification	163044919683958	163044795774541
1764	58.800000	163044795867791	163044833158583	consumed-notification	163044953003250	163044833160416
1765	58.833333	163044833227625	163044851884041	consumed-notification	163044986328791	163044851886000
1766	58.866667	163044851985625	163044887304416	consumed-notification	163045019664666	163044887307125
1767	58.900000	163044887411708	163044924249500	consumed-notification	163045053015541	163044924252250
1768	58.933333	163044924353000	163044960690375	consumed-notification	163045086352791	163044960693833
1769	58.966667	163044960793458	163044998088750	consumed-notification	163045119659916	163044998091666
1770	59.000000	163044998174708	163045016784625	consumed-notification	163045152999875	163045016788375
1771	59.033333	163045016845625	163045054168333	consumed-notification	163045186323458	163045054171041
1772	59.066667	163045054267208	163045091584083	consumed-notification	163045219673333	163045091586583
1773	59.100000	163045091683875	163045128983458	consumed-notification	163045252998000	163045128986958
1774	59.133333	163045129079125	163045166382791	consumed-notification	163045286334750	163045166384791
1775	59.166667	163045166490541	163045185080791	consumed-notification	163045319668208	163045185082875
1776	59.200000	163045185181458	163045222477875	consumed-notification	163045353012375	163045222480250
1777	59.233333	163045222571666	163045259932250	consumed-notification	163045386335083	163045259937000
1778	59.266667	163045259989791	163045297309541	consumed-notification	163045419666625	163045297313041
1779	59.300000	163045297371583	163045334711041	consumed-notification	163045452994291	163045334714916
1780	59.333333	163045334769875	163045353423958	consumed-notification	163045486324875	163045353427583
1781	59.366667	163045353524333	163045390818250	consumed-notification	163045519670125	163045390821166
1782	59.400000	163045390898666	163045428203875	consumed-notification	163045553002625	163045428206541
1783	59.433333	163045428277583	163045465574625	consumed-notification	163045586334791	163045465577041
1784	59.466667	163045465643916	163045484248291	consumed-notification	163045619661416	163045484249833
1785	59.500000	163045484301000	163045521630333	consumed-notification	163045652993000	163045521632958
1786	59.533333	163045521698208	163045557693958	consumed-notification	163045686332083	163045557697041
1787	59.566667	163045557773041	163045595108708	consumed-notification	163045719662541	163045595111708
1788	59.600000	163045595182208	163045632489291	consumed-notification	163045752990875	163045632491791
1789	59.633333	163045632592333	163045651162583	consumed-notification	163045786329708	163045651164375
1790	59.666667	163045651229416	163045688542500	consumed-notification	163045819669250	163045688544583
1791	59.700000	163045688623916	163045725911666	consumed-notification	163045852998625	163045725913916
1792	59.733333	163045726050083	163045763283083	consumed-notification	163045886326500	163045763284791
1793	59.766667	163045763356750	163045800697916	consumed-notification	163045919667583	163045800701000
1794	59.800000	163045800786708	163045819445166	consumed-notification	163045953006833	163045819449000
1795	59.833333	163045819544000	163045856864291	consumed-notification	163045986330583	163045856868500
1796	59.866667	163045856982541	163045894273583	consumed-notification	163046019665458	163045894278041
1797	59.900000	163045894428291	163045931687541	consumed-notification	163046052996000	163045931690583
1798	59.933333	163045931832541	163045950368291	consumed-notification	163046086324041	163045950370833
1799	59.966667	163045950464666	163045986397291	consumed-notification	163046119679416	163045986401583
1800	60.000000	163045986491458	163046023793458	consumed-notification	163046153005125	163046023796666
1801	60.033333	163046023884583	163046061008125	consumed-notification	163046186362875	163046061012500
1802	60.066667	163046061097541	163046098431166	consumed-notification	163046219700458	163046098434333
1803	60.100000	163046098503125	163046117129458	consumed-notification	163046253019125	163046117131541
1804	60.133333	163046117191958	163046154516166	consumed-notification	163046286334000	163046154519291
1805	60.166667	163046154586833	163046191922333	consumed-notification	163046319662875	163046191924916
1806	60.200000	163046191969791	163046229398083	consumed-notification	163046353007291	163046229401916
1807	60.233333	163046229507750	163046266839958	consumed-notification	163046386337333	163046266845000
1808	60.266667	163046267005083	163046285531083	consumed-notification	163046419664875	163046285534708
1809	60.300000	163046285651708	163046322936000	consumed-notification	163046452997791	163046322939250
1810	60.333333	163046323022666	163046360344000	consumed-notification	163046486329458	163046360347875
1811	60.366667	163046360404125	163046397753500	consumed-notification	163046519667583	163046397756041
1812	60.400000	163046397831333	163046416466416	consumed-notification	163046553012166	163046416469333
1813	60.433333	163046416538333	163046453872291	consumed-notification	163046586350250	163046453875250
1814	60.466667	163046453991375	163046491255875	consumed-notification	163046619709083	163046491258541
1815	60.500000	163046491341625	163046528629833	consumed-notification	163046653018625	163046528631541
1816	60.533333	163046528720166	163046566035333	consumed-notification	163046686361291	163046566038416
1817	60.566667	163046566138708	163046584813625	consumed-notification	163046719698750	163046584820791
1818	60.600000	163046585135250	163046620846500	consumed-notification	163046753010916	163046620857958
1819	60.633333	163046623010291	163046657641375	consumed-notification	163046786341833	163046657650916
1820	60.666667	163046658004458	163046695233833	consumed-notification	163046819744125	163046695242250
1821	60.700000	163046695634333	163046732362500	consumed-notification	163046853038583	163046732370041
1822	60.733333	163046732535791	163046751145625	consumed-notification	163046886347583	163046751152708
1823	60.766667	163046751374791	163046786980458	consumed-notification	163046919692250	163046786985125
1824	60.800000	163046787107083	163046824392541	consumed-notification	163046953004375	163046824396500
1825	60.833333	163046824531333	163046860842166	consumed-notification	163046986337083	163046860847500
1826	60.866667	163046860926250	163046898263250	consumed-notification	163047019664708	163046898268041
1827	60.900000	163046898443500	163046916948541	consumed-notification	163047053006541	163046916952416
1828	60.933333	163046917018250	163046954372583	consumed-notification	163047086363500	163046954376166
1829	60.966667	163046954482166	163046991801541	consumed-notification	163047119721250	163046991805666
1830	61.000000	163046991944625	163047029167916	consumed-notification	163047153041708	163047029171458
1831	61.033333	163047029234875	163047066798875	consumed-notification	163047186334458	163047066806666
1832	61.066667	163047067169791	163047084520791	consumed-notification	163047219684750	163047084528791
1833	61.100000	163047089065083	163047120728666	consumed-notification	163047252997250	163047120738958
1834	61.133333	163047121230541	163047158310541	consumed-notification	163047286347416	163047158320916
1835	61.166667	163047158659750	163047195472708	consumed-notification	163047319659375	163047195479250
1836	61.200000	163047195669958	163047233022916	consumed-notification	163047352995916	163047233028583
1837	61.233333	163047233244250	163047251762833	consumed-notification	163047386325125	163047251772708
1838	61.266667	163047252062500	163047288753458	consumed-notification	163047419666750	163047288759291
1839	61.300000	163047288919791	163047325033875	consumed-notification	163047452990333	163047325039333
1840	61.333333	163047325151333	163047362461166	consumed-notification	163047486377708	163047362465500
1841	61.366667	163047362561708	163047399856458	consumed-notification	163047519656250	163047399860041
1842	61.400000	163047399952208	163047418547541	consumed-notification	163047552989750	163047418549750
1843	61.433333	163047418630208	163047455940500	consumed-notification	163047587107833	163047455943166
1844	61.466667	163047456042750	163047493341041	consumed-notification	163047619655125	163047493344958
1845	61.500000	163047493432208	163047530707958	consumed-notification	163047652995166	163047530710416
1846	61.533333	163047530787708	163047549394416	consumed-notification	163047686335625	163047549397458
1847	61.566667	163047549441625	163047584825166	consumed-notification	163047719675375	163047584828916
1848	61.600000	163047584904250	163047620970625	consumed-notification	163047752993708	163047620974375
1849	61.633333	163047621074583	163047656470333	consumed-notification	163047786321833	163047656473916
1850	61.666667	163047656567875	163047690495916	consumed-notification	163047819659083	163047690499958
1851	61.700000	163047690685541	163047725758666	consumed-notification	163047852999791	163047725762666
1852	61.733333	163047725923916	163047761318416	consumed-notification	163047886325083	163047761323916
1853	61.766667	163047761423708	163047798037166	consumed-notification	163047919655916	163047798041375
1854	61.800000	163047798119166	163047816730583	consumed-notification	163047952992041	163047816733208
1855	61.833333	163047816825208	163047854136958	consumed-notification	163047986314833	163047854140666
1856	61.866667	163047854228083	163047891529291	consumed-notification	163048019654916	163047891532791
1857	61.900000	163047891609541	163047928874583	consumed-notification	163048052983166	163047928878208
1858	61.933333	163047928990625	163047964687333	consumed-notification	163048086332958	163047964691125
1859	61.966667	163047964780500	163047983386708	consumed-notification	163048119656208	163047983389541
1860	62.000000	163047983449375	163048020771666	consumed-notification	163048152992625	163048020774375
1861	62.033333	163048020827750	163048058151791	consumed-notification	163048186322625	163048058154666
1862	62.066667	163048058237875	163048095542250	consumed-notification	163048219649583	163048095546708
1863	62.100000	163048095611458	163048132924625	consumed-notification	163048252999625	163048132928375
1864	62.133333	163048132975125	163048151636708	consumed-notification	163048286326166	163048151641208
1865	62.166667	163048151692166	163048189019041	consumed-notification	163048319653625	163048189022166
1866	62.200000	163048189074875	163048226395166	consumed-notification	163048352984791	163048226398708
1867	62.233333	163048226455041	163048263773583	consumed-notification	163048386314750	163048263776750
1868	62.266667	163048263811208	163048301157750	consumed-notification	163048419657958	163048301162125
1869	62.300000	163048301206833	163048319830583	consumed-notification	163048452986166	163048319833625
1870	62.333333	163048319901208	163048357188250	consumed-notification	163048486315791	163048357190541
1871	62.366667	163048357250000	163048394593000	consumed-notification	163048519656833	163048394595541
1872	62.400000	163048394693875	163048432003375	consumed-notification	163048552981916	163048432007208
1873	62.433333	163048432106541	163048450700000	consumed-notification	163048586329125	163048450702750
1874	62.466667	163048450782125	163048488129291	consumed-notification	163048620244208	163048488132875
1875	62.500000	163048488279000	163048525513791	consumed-notification	163048652985750	163048525517750
1876	62.533333	163048525591291	163048562930166	consumed-notification	163048686323166	163048562932458
1877	62.566667	163048563022791	163048600331000	consumed-notification	163048719650625	163048600333083
1878	62.600000	163048600419000	163048619046541	consumed-notification	163048752986708	163048619048958
1879	62.633333	163048619150791	163048655266041	consumed-notification	163048786317666	163048655269208
1880	62.666667	163048655352250	163048692662541	consumed-notification	163048819651958	163048692666166
1881	62.700000	163048692759375	163048730064916	consumed-notification	163048852983833	163048730068458
1882	62.733333	163048730150833	163048767461416	consumed-notification	163048886319416	163048767465583
1883	62.766667	163048767552375	163048784850625	consumed-notification	163048919662083	163048784855541
1884	62.800000	163048784943500	163048822229875	consumed-notification	163048952994041	163048822233458
1885	62.833333	163048822316958	163048859622333	consumed-notification	163048986324333	163048859625833
1886	62.866667	163048859687291	163048897014083	consumed-notification	163049019652625	163048897018041
1887	62.900000	163048897093291	163048934431375	consumed-notification	163049052980416	163048934435208
1888	62.933333	163048934530333	163048952497125	consumed-notification	163049086314583	163048952500791
1889	62.966667	163048952584625	163048989906750	consumed-notification	163049119676833	163048989910750
1890	63.000000	163048989998750	163049027303916	consumed-notification	163049152983791	163049027307083
1891	63.033333	163049027376708	163049064709416	consumed-notification	163049186330500	163049064712791
1892	63.066667	163049064785166	163049101302208	consumed-notification	163049219666708	163049101306291
1893	63.100000	163049101369166	163049119987125	consumed-notification	163049252999333	163049119990333
1894	63.133333	163049120066625	163049157384916	consumed-notification	163049286322500	163049157387875
1895	63.166667	163049157455583	163049194775458	consumed-notification	163049319651625	163049194777208
1896	63.200000	163049194848458	163049232236166	consumed-notification	163049352982083	163049232240750
1897	63.233333	163049232381625	163049250951083	consumed-notification	163049386317458	163049250955000
1898	63.266667	163049251076000	163049286615541	consumed-notification	163049419653041	163049286619000
1899	63.300000	163049286703375	163049322570791	consumed-notification	163049452982833	163049322574208
1900	63.333333	163049322668500	163049359974291	consumed-notification	163049486319583	163049359977916
1901	63.366667	163049360072458	163049397354625	consumed-notification	163049519652625	163049397358500
1902	63.400000	163049397408041	163049416042458	consumed-notification	163049552986291	163049416045625
1903	63.433333	163049416105541	163049453417041	consumed-notification	163049586319708	163049453420416
1904	63.466667	163049453479666	163049490808375	consumed-notification	163049619650541	163049490812458
1905	63.500000	163049490893625	163049528167166	consumed-notification	163049652986833	163049528169791
1906	63.533333	163049528233416	163049565532416	consumed-notification	163049686316375	163049565535708
1907	63.566667	163049565614291	163049584242500	consumed-notification	163049719672583	163049584245875
1908	63.600000	163049584291875	163049621613416	consumed-notification	163049752984541	163049621617416
1909	63.633333	163049621687958	163049658991291	consumed-notification	163049786325250	163049658994791
1910	63.666667	163049659048125	163049696373041	consumed-notification	163049819656125	163049696377291
1911	63.700000	163049696438250	163049733761333	consumed-notification	163049852985958	163049733765625
1912	63.733333	163049733822750	163049751766416	consumed-notification	163049886315583	163049751769708
1913	63.766667	163049751851666	163049789198750	consumed-notification	163049920407500	163049789202458
1914	63.800000	163049789295250	163049826607583	consumed-notification	163049952986666	163049826611416
1915	63.833333	163049826704291	163049864015625	consumed-notification	163049986309958	163049864018750
1916	63.866667	163049864127458	163049901408291	consumed-notification	163050019648833	163049901412416
1917	63.900000	163049901485666	163049920124666	consumed-notification	163050052988791	163049920127625
1918	63.933333	163049920200125	163049957532791	consumed-notification	163050086930708	163049957536625
1919	63.966667	163049957626291	163049994931666	consumed-notification	163050119654291	163049994935250
1920	64.000000	163049995022666	163050032320000	consumed-notification	163050152984625	163050032323083
1921	64.033333	163050032415041	163050049707208	consumed-notification	163050186311208	163050049710416
1922	64.066667	163050049788291	163050087119500	consumed-notification	163050219649041	163050087123208
1923	64.100000	163050087197291	163050124550583	consumed-notification	163050253671416	163050124554333
1924	64.133333	163050124624500	163050161952958	consumed-notification	163050286311500	163050161956125
1925	64.166667	163050162028208	163050199342583	consumed-notification	163050319655541	163050199345958
1926	64.200000	163050199431000	163050218050083	consumed-notification	163050352981333	163050218052541
1927	64.233333	163050218116958	163050255461125	consumed-notification	163050386316000	163050255465083
1928	64.266667	163050255528833	163050292861583	consumed-notification	163050419644541	163050292864875
1929	64.300000	163050292941291	163050330263166	consumed-notification	163050452974875	163050330266666
1930	64.333333	163050330364250	163050367657083	consumed-notification	163050486321875	163050367659500
1931	64.366667	163050367752541	163050386366083	consumed-notification	163050519641083	163050386369625
1932	64.400000	163050386429916	163050423766916	consumed-notification	163050552983333	163050423770458
1933	64.433333	163050423843500	163050461159083	consumed-notification	163050586314375	163050461161708
1934	64.466667	163050461229750	163050498540750	consumed-notification	163050619657666	163050498543208
1935	64.500000	163050498631625	163050517247416	consumed-notification	163050652989125	163050517250541
1936	64.533333	163050517316916	163050554639791	consumed-notification	163050686314125	163050554643750
1937	64.566667	163050554708333	163050590080791	consumed-notification	163050719641791	163050590084416
1938	64.600000	163050590237333	163050624167125	consumed-notification	163050752978500	163050624171291
1939	64.633333	163050624255958	163050657824083	consumed-notification	163050786320500	163050657827916
1940	64.666667	163050657892000	163050693941208	consumed-notification	163050823814833	163050693944416
1941	64.700000	163050694091041	163050729400625	consumed-notification	163050857577833	163050729403166
1942	64.733333	163050729470666	163050766819291	consumed-notification	163050890476750	163050766822583
1943	64.766667	163050766916458	163050784325083	consumed-notification	163050923811833	163050784329041
1944	64.800000	163050784444875	163050837939666	consumed-notification	163050957145000	163050837943500
1945	64.833333	163050838023541	163050856680166	consumed-notification	163050990481750	163050856683541
1946	64.866667	163050856802500	163050892266958	consumed-notification	163051023813750	163050892270791
1947	64.900000	163050892361291	163050927761416	consumed-notification	163051057142208	163050927766166
1948	64.933333	163050927846333	163050946469208	consumed-notification	163051090476375	163050946472833
1949	64.966667	163050946565333	163050982449333	consumed-notification	163051123812750	163050982452833
1950	65.000000	163050982551041	163051018977875	consumed-notification	163051157148000	163051018981625
1951	65.033333	163051019069791	163051056374041	consumed-notification	163051190481000	163051056377875
1952	65.066667	163051056457458	163051092980375	consumed-notification	163051223809541	163051092983916
1953	65.100000	163051093067750	163051130207791	consumed-notification	163051257141375	163051130212125
1954	65.133333	163051130274916	163051148875333	consumed-notification	163051290485750	163051148878375
1955	65.166667	163051148950291	163051185914416	consumed-notification	163051323813583	163051185917708
1956	65.200000	163051185994791	163051223339125	consumed-notification	163051357142083	163051223343166
1957	65.233333	163051223415291	163051260712083	consumed-notification	163051390475416	163051260715416
1958	65.266667	163051260772833	163051279420541	consumed-notification	163051423806416	163051279425000
1959	65.300000	163051279472041	163051316793250	consumed-notification	163051457143625	163051316796333
1960	65.333333	163051316837875	163051354189166	consumed-notification	163051490489458	163051354191916
1961	65.366667	163051354235791	163051391587750	consumed-notification	163051523810833	163051391590208
1962	65.400000	163051391661833	163051429001208	consumed-notification	163051557146625	163051429004250
1963	65.433333	163051429101166	163051447683750	consumed-notification	163051590479083	163051447685916
1964	65.466667	163051447757250	163051485087458	consumed-notification	163051623807000	163051485088833
1965	65.500000	163051485146833	163051522489041	consumed-notification	163051657144041	163051522491333
1966	65.533333	163051522597166	163051559863166	consumed-notification	163051690472791	163051559865000
1967	65.566667	163051559929125	163051597270291	consumed-notification	163051723807708	163051597273750
1968	65.600000	163051597381333	163051615965916	consumed-notification	163051757141500	163051615968000
1969	65.633333	163051616040708	163051653365083	consumed-notification	163051790475833	163051653367666
1970	65.666667	163051653455833	163051690787708	consumed-notification	163051823804916	163051690791250
1971	65.700000	163051690872208	163051728186958	consumed-notification	163051857137791	163051728190791
1972	65.733333	163051728284833	163051746067000	consumed-notification	163051890470541	163051746069625
1973	65.766667	163051746144625	163051783489250	consumed-notification	163051923804583	163051783493458
1974	65.800000	163051783582041	163051820899125	consumed-notification	163051957136083	163051820903083
1975	65.833333	163051820984541	163051858315666	consumed-notification	163051990469208	163051858319208
1976	65.866667	163051858406458	163051895699208	consumed-notification	163052023805875	163051895702625
1977	65.900000	163051895797541	163051914408000	consumed-notification	163052057136250	163051914411625
1978	65.933333	163051914478083	163051951800958	consumed-notification	163052090488458	163051951803666
1979	65.966667	163051951879500	163051989190500	consumed-notification	163052123805666	163051989193500
1980	66.000000	163051989268166	163052026594583	consumed-notification	163052157144541	163052026597750
1981	66.033333	163052026652041	163052045291583	consumed-notification	163052190478791	163052045295833
1982	66.066667	163052045387583	163052082718541	consumed-notification	163052223809541	163052082722375
1983	66.100000	163052082796833	163052120118125	consumed-notification	163052257147458	163052120121833
1984	66.133333	163052120207250	163052157532666	consumed-notification	163052290474166	163052157536041
1985	66.166667	163052157624833	163052194960875	consumed-notification	163052323805208	163052194964208
1986	66.200000	163052195035708	163052212004000	consumed-notification	163052357141333	163052212007500
1987	66.233333	163052212069791	163052249453333	consumed-notification	163052390469791	163052249456875
1988	66.266667	163052249551000	163052286885875	consumed-notification	163052423801791	163052286889708
1989	66.300000	163052286990125	163052324277125	consumed-notification	163052457134791	163052324280750
1990	66.333333	163052324370916	163052361661666	consumed-notification	163052490472916	163052361665208
1991	66.366667	163052361756125	163052380344291	consumed-notification	163052523803791	163052380347000
1992	66.400000	163052380398083	163052417724708	consumed-notification	163052557139125	163052417727541
1993	66.433333	163052417779083	163052455105208	consumed-notification	163052590474625	163052455107833
1994	66.466667	163052455155291	163052492488541	consumed-notification	163052623810458	163052492492166
1995	66.500000	163052492539041	163052529890416	consumed-notification	163052657137500	163052529894375
1996	66.533333	163052529988166	163052548593458	consumed-notification	163052690466875	163052548597541
1997	66.566667	163052548639583	163052586000750	consumed-notification	163052723807250	163052586004041
1998	66.600000	163052586082833	163052623403583	consumed-notification	163052757138500	163052623406833
1999	66.633333	163052623489666	163052660806375	consumed-notification	163052790475916	163052660810125
2000	66.666667	163052660880833	163052679508958	consumed-notification	163052823805958	163052679512125
2001	66.700000	163052679602666	163052716915583	consumed-notification	163052857144708	163052716919125
2002	66.733333	163052716996958	163052754343291	consumed-notification	163052890468958	163052754347041
2003	66.766667	163052754419666	163052790198625	consumed-notification	163052923802833	163052790203208
2004	66.800000	163052790302958	163052827615958	consumed-notification	163052957139583	163052827619625
2005	66.833333	163052827714458	163052846342458	consumed-notification	163052990486416	163052846346750
2006	66.866667	163052846435458	163052883725750	consumed-notification	163053023805791	163052883729375
2007	66.900000	163052883818958	163052921144250	consumed-notification	163053057136416	163052921148833
2008	66.933333	163052921235625	163052958528208	consumed-notification	163053090468083	163052958532041
2009	66.966667	163052958613916	163052994085250	consumed-notification	163053123807458	163052994089916
2010	67.000000	163052994207750	163053012783125	consumed-notification	163053157138208	163053012785750
2011	67.033333	163053012891625	163053050199333	consumed-notification	163053190475541	163053050202208
2012	67.066667	163053050300208	163053087601875	consumed-notification	163053223809291	163053087604125
2013	67.100000	163053087687833	163053125001083	consumed-notification	163053257138458	163053125003166
2014	67.133333	163053125098416	163053162421083	consumed-notification	163053290469333	163053162424208
2015	67.166667	163053162504333	163053179686500	consumed-notification	163053323808291	163053179691416
2016	67.200000	163053179768208	163053217087750	consumed-notification	163053357141916	163053217091791
2017	67.233333	163053217184916	163053254501500	consumed-notification	163053390474833	163053254505666
2018	67.266667	163053254592458	163053291912458	consumed-notification	163053423805958	163053291916500
2019	67.300000	163053291997166	163053329314291	consumed-notification	163053457137791	163053329317958
2020	67.333333	163053329414833	163053348020833	consumed-notification	163053490469833	163053348024000
2021	67.366667	163053348097166	163053385448583	consumed-notification	163053523805791	163053385452583
2022	67.400000	163053385516666	163053422852958	consumed-notification	163053557135375	163053422855916
2023	67.433333	163053422926583	163053460251208	consumed-notification	163053590469750	163053460255000
2024	67.466667	163053460333791	163053478969291	consumed-notification	163053623801125	163053478972708
2025	67.500000	163053479063708	163053515029833	consumed-notification	163053657131625	163053515032666
2026	67.533333	163053515134250	163053552442250	consumed-notification	163053690470708	163053552445041
2027	67.566667	163053552530208	163053589838375	consumed-notification	163053723799875	163053589842958
2028	67.600000	163053589922166	163053627224416	consumed-notification	163053757136083	163053627227500
2029	67.633333	163053627291583	163053645907958	consumed-notification	163053790481416	163053645910458
2030	67.666667	163053645972416	163053683279583	consumed-notification	163053823799541	163053683281833
2031	67.700000	163053683362416	163053720672000	consumed-notification	163053857140500	163053720674541
2032	67.733333	163053720754458	163053758050416	consumed-notification	163053890465041	163053758052833
2033	67.766667	163053758117833	163053795472333	consumed-notification	163053923795250	163053795476083
2034	67.800000	163053795550583	163053814147291	consumed-notification	163053957137041	163053814149625
2035	67.833333	163053814240250	163053851552291	consumed-notification	163053990467250	163053851555333
2036	67.866667	163053851639125	163053886968541	consumed-notification	163054023796041	163053886972875
2037	67.900000	163053887041458	163053923183708	consumed-notification	163054057133833	163053923186666
2038	67.933333	163053923269750	163053960626500	consumed-notification	163054090467500	163053960631000
2039	67.966667	163053960702458	163053979341375	consumed-notification	163054123799416	163053979344208
2040	68.000000	163053979437625	163054014825958	consumed-notification	163054157132541	163054014828166
2041	68.033333	163054014922125	163054052215500	consumed-notification	163054190469083	163054052218083
2042	68.066667	163054052292875	163054089621166	consumed-notification	163054223802125	163054089625041
2043	68.100000	163054089724750	163054127027458	consumed-notification	163054257137000	163054127030083
2044	68.133333	163054127127000	163054145738708	consumed-notification	163054290466791	163054145741125
2045	68.166667	163054145838625	163054181744791	consumed-notification	163054323798000	163054181746791
2046	68.200000	163054181851166	163054219174625	consumed-notification	163054357133541	163054219179125
2047	68.233333	163054219274250	163054256501708	consumed-notification	163054390466500	163054256505625
2048	68.266667	163054256579166	163054292580333	consumed-notification	163054423796750	163054292584083
2049	68.300000	163054292680166	163054329019458	consumed-notification	163054457138791	163054329023416
2050	68.333333	163054329127250	163054347715375	consumed-notification	163054490463166	163054347718291
2051	68.366667	163054347815875	163054385126750	consumed-notification	163054523806041	163054385129416
2052	68.400000	163054385230625	163054422509833	consumed-notification	163054557133708	163054422512208
2053	68.433333	163054422602291	163054459881666	consumed-notification	163054590465291	163054459883541
2054	68.466667	163054459977583	163054497255375	consumed-notification	163054623807125	163054497257375
2055	68.500000	163054497339500	163054515942000	consumed-notification	163054657131083	163054515943500
2056	68.533333	163054516011208	163054553344583	consumed-notification	163054690464375	163054553347000
2057	68.566667	163054553441416	163054590743666	consumed-notification	163054723809500	163054590746166
2058	68.600000	163054590846000	163054628146208	consumed-notification	163054757136125	163054628148500
2059	68.633333	163054628242083	163054646861833	consumed-notification	163054790474750	163054646864000
2060	68.666667	163054646961750	163054684273500	consumed-notification	163054823800625	163054684275500
2061	68.700000	163054684374208	163054721707791	consumed-notification	163054857141250	163054721710958
2062	68.733333	163054721785416	163054759139166	consumed-notification	163054890479708	163054759142416
2063	68.766667	163054759222958	163054796574875	consumed-notification	163054923808250	163054796578875
2064	68.800000	163054796682375	163054815268250	consumed-notification	163054957131666	163054815270833
2065	68.833333	163054815375833	163054852712875	consumed-notification	163054990476791	163054852717000
2066	68.866667	163054852791416	163054890105250	consumed-notification	163055023799833	163054890109833
2067	68.900000	163054890200916	163054927489750	consumed-notification	163055057133250	163054927493333
2068	68.933333	163054927561041	163054963246291	consumed-notification	0	163054963249291
2069	68.966667	163054963327791	163054981971125	consumed-notification	0	163054981973916
2070	69.000000	163054982065375	163055019381166	consumed-notification	0	163055019385250
2071	69.033333	163055019478583	163055056788250	consumed-notification	0	163055056792500
2072	69.066667	163055056874916	0	none	0	0
